region,Resource,Plant name,Plant name (other),technology,R_ID,Zone,STOR,SOLAR,BIOPOWER,COAL,GEOTHERMAL,WIND,GAS,LHYDRO,SHYDRO,HYDRO,NUCLEAR,NONDISP,RENEW,OTHER,Existing_Cap_MW,num_units,Cap_Size,Existing_Cap_MWh,Var_OM_Cost_per_MWh,Start_Cost_per_MW,Start_Fuel_MMBTU_per_MW,Heat_Rate_MMBTU_per_MWh,Fuel,Min_Power,Eff_Up,Eff_Down,Ramp_Up_Percentage,Ramp_Dn_Percentage,Up_Time,Down_Time,,,
HL,Anda Cogen power station Unit 1,鑫玛热电集团安达热电,安达鑫玛热电,cogen_conventional_steam_coal,1,1,0,0,0,1,0,0,0,0,0,0,0,0,0,0,50,1,50,0,1.78,117,13.7,11.3126,HL_Coal,0.6425,1,1,0.6,0.6,8,8,,,
HL,Anda Cogen power station Unit 2,鑫玛热电集团安达热电,安达鑫玛热电,cogen_conventional_steam_coal,2,1,0,0,0,1,0,0,0,0,0,0,0,0,0,0,50,1,50,0,1.78,117,13.7,11.3126,HL_Coal,0.6425,1,1,0.6,0.6,8,8,,,
HL,Bei'an power station Phase II Unit 3,"国电北安热电厂, 国能北安2×350MW热电联产扩建工程",,cogen_conventional_steam_coal,3,1,0,0,0,1,0,0,0,0,0,0,0,0,0,0,350,1,350,0,1.78,117,13.7,9.4655,HL_Coal,0.6425,1,1,0.6,0.6,8,8,,,
HL,Bei'an power station Phase II Unit 4,"国电北安热电厂, 国能北安2×350MW热电联产扩建工程",,cogen_conventional_steam_coal,4,1,0,0,0,1,0,0,0,0,0,0,0,0,0,0,350,1,350,0,1.78,117,13.7,9.4655,HL_Coal,0.6425,1,1,0.6,0.6,8,8,,,
HL,Bei'an power station Unit 1,"国电北安热电厂, 国能北安2×350MW热电联产扩建工程",,cogen_conventional_steam_coal,5,1,0,0,0,1,0,0,0,0,0,0,0,0,0,0,50,1,50,0,1.78,117,13.7,12.1828,HL_Coal,0.6425,1,1,0.6,0.6,8,8,,,
HL,Bei'an power station Unit 2,"国电北安热电厂, 国能北安2×350MW热电联产扩建工程",,cogen_conventional_steam_coal,6,1,0,0,0,1,0,0,0,0,0,0,0,0,0,0,50,1,50,0,1.78,117,13.7,12.1828,HL_Coal,0.6425,1,1,0.6,0.6,8,8,,,
HL,Daqing Ethylene Plant power station Unit 1,中石油大庆石化热电厂,,cogen_conventional_steam_coal,7,1,0,0,0,1,0,0,0,0,0,0,0,0,0,0,40,1,40,0,1.78,117,13.7,12.6179,HL_Coal,0.6425,1,1,0.6,0.6,8,8,,,
HL,Daqing Ethylene Plant power station Unit 2,中石油大庆石化热电厂,,cogen_conventional_steam_coal,8,1,0,0,0,1,0,0,0,0,0,0,0,0,0,0,40,1,40,0,1.78,117,13.7,12.6179,HL_Coal,0.6425,1,1,0.6,0.6,8,8,,,
HL,Daqing Ethylene Plant power station Unit 3,中石油大庆石化热电厂,,cogen_conventional_steam_coal,9,1,0,0,0,1,0,0,0,0,0,0,0,0,0,0,40,1,40,0,1.78,117,13.7,12.6179,HL_Coal,0.6425,1,1,0.6,0.6,8,8,,,
HL,Daqing Ethylene Plant power station Unit 4,中石油大庆石化热电厂,,cogen_conventional_steam_coal,10,1,0,0,0,1,0,0,0,0,0,0,0,0,0,0,40,1,40,0,1.78,117,13.7,12.6179,HL_Coal,0.6425,1,1,0.6,0.6,8,8,,,
HL,Daqing Ethylene Plant power station Unit 5,中石油大庆石化热电厂,,cogen_conventional_steam_coal,11,1,0,0,0,1,0,0,0,0,0,0,0,0,0,0,40,1,40,0,1.78,117,13.7,12.6179,HL_Coal,0.6425,1,1,0.6,0.6,8,8,,,
HL,Daqing Ethylene Plant power station Unit 6,中石油大庆石化热电厂,,cogen_conventional_steam_coal,12,1,0,0,0,1,0,0,0,0,0,0,0,0,0,0,40,1,40,0,1.78,117,13.7,12.6179,HL_Coal,0.6425,1,1,0.6,0.6,8,8,,,
HL,Daqing Ethylene Plant power station Unit 7,中石油大庆石化热电厂,,cogen_conventional_steam_coal,13,1,0,0,0,1,0,0,0,0,0,0,0,0,0,0,40,1,40,0,1.78,117,13.7,12.6179,HL_Coal,0.6425,1,1,0.6,0.6,8,8,,,
HL,Daqing Ethylene Plant power station Unit 8,中石油大庆石化热电厂,,cogen_conventional_steam_coal,14,1,0,0,0,1,0,0,0,0,0,0,0,0,0,0,40,1,40,0,1.78,117,13.7,12.6179,HL_Coal,0.6425,1,1,0.6,0.6,8,8,,,
HL,Daqing Hegong Linyuan power station Unit 1,大庆林源热电厂,大庆高新区林源化工园区热电站,cogen_conventional_steam_coal,15,1,0,0,0,1,0,0,0,0,0,0,0,0,0,0,50,1,50,0,1.78,117,13.7,10.326,HL_Coal,0.6425,1,1,0.6,0.6,8,8,,,
HL,Daqing Hegong Linyuan power station Unit 2,大庆林源热电厂,大庆高新区林源化工园区热电站,cogen_conventional_steam_coal,16,1,0,0,0,1,0,0,0,0,0,0,0,0,0,0,50,1,50,0,1.78,117,13.7,10.326,HL_Coal,0.6425,1,1,0.6,0.6,8,8,,,
HL,Daqing Oil Central power station Unit 1,中石油大庆油田热电厂,大庆油田热电厂上大压小热电联产项目 (Unit 4),cogen_conventional_steam_coal,17,1,0,0,0,1,0,0,0,0,0,0,0,0,0,0,200,1,200,0,1.78,117,13.7,12.6179,HL_Coal,0.6425,1,1,0.6,0.6,8,8,,,
HL,Daqing Oil Central power station Unit 2,中石油大庆油田热电厂,大庆油田热电厂上大压小热电联产项目 (Unit 4),cogen_conventional_steam_coal,18,1,0,0,0,1,0,0,0,0,0,0,0,0,0,0,200,1,200,0,1.78,117,13.7,12.6179,HL_Coal,0.6425,1,1,0.6,0.6,8,8,,,
HL,Daqing Oil Central power station Unit 3,中石油大庆油田热电厂,大庆油田热电厂上大压小热电联产项目 (Unit 4),cogen_conventional_steam_coal,19,1,0,0,0,1,0,0,0,0,0,0,0,0,0,0,200,1,200,0,1.78,117,13.7,12.6179,HL_Coal,0.6425,1,1,0.6,0.6,8,8,,,
HL,Daqing Oil Central power station Unit 4,中石油大庆油田热电厂,大庆油田热电厂上大压小热电联产项目 (Unit 4),cogen_conventional_steam_coal,20,1,0,0,0,1,0,0,0,0,0,0,0,0,0,0,300,1,300,0,1.78,117,13.7,10.4424,HL_Coal,0.6425,1,1,0.6,0.6,8,8,,,
HL,Daqing Oil Hongwei power station Unit 1,中石油大庆油田宏伟热电厂,,cogen_conventional_steam_coal,21,1,0,0,0,1,0,0,0,0,0,0,0,0,0,0,50,1,50,0,1.78,117,13.7,12.1828,HL_Coal,0.6425,1,1,0.6,0.6,8,8,,,
HL,Daqing Oil Hongwei power station Unit 2,中石油大庆油田宏伟热电厂,,cogen_conventional_steam_coal,22,1,0,0,0,1,0,0,0,0,0,0,0,0,0,0,50,1,50,0,1.78,117,13.7,12.1828,HL_Coal,0.6425,1,1,0.6,0.6,8,8,,,
HL,Daqing Oil Hongwei power station Unit 3,中石油大庆油田宏伟热电厂,,cogen_conventional_steam_coal,23,1,0,0,0,1,0,0,0,0,0,0,0,0,0,0,100,1,100,0,1.78,117,13.7,12.1828,HL_Coal,0.6425,1,1,0.6,0.6,8,8,,,
HL,Datang Harbin Cogen power station Phase II Unit 1,大唐哈尔滨第一热电厂,,cogen_conventional_steam_coal,24,1,0,0,0,1,0,0,0,0,0,0,0,0,0,0,660,1,660,0,1.78,117,13.7,8.702,HL_Coal,0.6425,1,1,0.6,0.6,8,8,,,
HL,Datang Harbin Cogen power station Phase I Unit 1,大唐哈尔滨第一热电厂,,cogen_conventional_steam_coal,25,1,0,0,0,1,0,0,0,0,0,0,0,0,0,0,300,1,300,0,1.78,117,13.7,10.4424,HL_Coal,0.6425,1,1,0.6,0.6,8,8,,,
HL,Datang Harbin Cogen power station Phase I Unit 2,大唐哈尔滨第一热电厂,,cogen_conventional_steam_coal,26,1,0,0,0,1,0,0,0,0,0,0,0,0,0,0,300,1,300,0,1.78,117,13.7,10.4424,HL_Coal,0.6425,1,1,0.6,0.6,8,8,,,
HL,Datang Shuangyashan power station Unit 1,大唐双鸭山热电厂,,cogen_conventional_steam_coal,27,1,0,0,0,1,0,0,0,0,0,0,0,0,0,0,200,1,200,0,1.78,117,13.7,11.3126,HL_Coal,0.6425,1,1,0.6,0.6,8,8,,,
HL,Datang Shuangyashan power station Unit 2,大唐双鸭山热电厂,,cogen_conventional_steam_coal,28,1,0,0,0,1,0,0,0,0,0,0,0,0,0,0,200,1,200,0,1.78,117,13.7,11.3126,HL_Coal,0.6425,1,1,0.6,0.6,8,8,,,
HL,Fulaerji-1 power station Phase I Unit 10,华电富拉尔基热电厂,"一电厂, Huadian Fulaerji-1 power station",cogen_conventional_steam_coal,29,1,0,0,0,1,0,0,0,0,0,0,0,0,0,0,350,1,350,0,1.78,117,13.7,9.2499,HL_Coal,0.6425,1,1,0.6,0.6,8,8,,,
HL,Fulaerji-2 power station Unit 1,华电富拉尔基发电厂,"二电厂, Huadian Fulaerji-2 power station",conventional_steam_coal,30,1,0,0,0,1,0,0,0,0,0,0,0,0,0,0,200,1,200,0,1.78,117,13.7,12.6179,HL_Coal,0.6425,1,1,0.6,0.6,8,8,,,
HL,Fulaerji-2 power station Unit 2,华电富拉尔基发电厂,"二电厂, Huadian Fulaerji-2 power station",conventional_steam_coal,31,1,0,0,0,1,0,0,0,0,0,0,0,0,0,0,200,1,200,0,1.78,117,13.7,12.6179,HL_Coal,0.6425,1,1,0.6,0.6,8,8,,,
HL,Fulaerji-2 power station Unit 3,华电富拉尔基发电厂,"二电厂, Huadian Fulaerji-2 power station",conventional_steam_coal,32,1,0,0,0,1,0,0,0,0,0,0,0,0,0,0,200,1,200,0,1.78,117,13.7,12.6179,HL_Coal,0.6425,1,1,0.6,0.6,8,8,,,
HL,Fulaerji-2 power station Unit 4,华电富拉尔基发电厂,"二电厂, Huadian Fulaerji-2 power station",conventional_steam_coal,33,1,0,0,0,1,0,0,0,0,0,0,0,0,0,0,200,1,200,0,1.78,117,13.7,12.6179,HL_Coal,0.6425,1,1,0.6,0.6,8,8,,,
HL,Fulaerji-2 power station Unit 5,华电富拉尔基发电厂,"二电厂, Huadian Fulaerji-2 power station",conventional_steam_coal,34,1,0,0,0,1,0,0,0,0,0,0,0,0,0,0,200,1,200,0,1.78,117,13.7,12.6179,HL_Coal,0.6425,1,1,0.6,0.6,8,8,,,
HL,Fulaerji-2 power station Unit 6,华电富拉尔基发电厂,"二电厂, Huadian Fulaerji-2 power station",conventional_steam_coal,35,1,0,0,0,1,0,0,0,0,0,0,0,0,0,0,200,1,200,0,1.78,117,13.7,12.6179,HL_Coal,0.6425,1,1,0.6,0.6,8,8,,,
HL,Harbin Pingnan cogen power station Phase II Unit 3,国能哈尔滨热电厂,"国电哈尔滨热电公司平南热电厂, 国能黑龙江公司哈热二期2×660MW热电联产, Guodian Pingnan power station (Unit 1 & 2), Guoneng Harbin cogen power station (Phase II Unit 3 & 4)",cogen_conventional_steam_coal,36,1,0,0,0,1,0,0,0,0,0,0,0,0,0,0,660,1,660,0,1.78,117,13.7,8.272,HL_Coal,0.6425,1,1,0.6,0.6,8,8,,,
HL,Harbin Pingnan cogen power station Phase II Unit 4,国能哈尔滨热电厂,"国电哈尔滨热电公司平南热电厂, 国能黑龙江公司哈热二期2×660MW热电联产, Guodian Pingnan power station (Unit 1 & 2), Guoneng Harbin cogen power station (Phase II Unit 3 & 4)",cogen_conventional_steam_coal,37,1,0,0,0,1,0,0,0,0,0,0,0,0,0,0,660,1,660,0,1.78,117,13.7,8.272,HL_Coal,0.6425,1,1,0.6,0.6,8,8,,,
HL,Harbin Pingnan cogen power station Unit 1,国能哈尔滨热电厂,"国电哈尔滨热电公司平南热电厂, 国能黑龙江公司哈热二期2×660MW热电联产, Guodian Pingnan power station (Unit 1 & 2), Guoneng Harbin cogen power station (Phase II Unit 3 & 4)",cogen_conventional_steam_coal,38,1,0,0,0,1,0,0,0,0,0,0,0,0,0,0,350,1,350,0,1.78,117,13.7,10.0908,HL_Coal,0.6425,1,1,0.6,0.6,8,8,,,
HL,Harbin Pingnan cogen power station Unit 2,国能哈尔滨热电厂,"国电哈尔滨热电公司平南热电厂, 国能黑龙江公司哈热二期2×660MW热电联产, Guodian Pingnan power station (Unit 1 & 2), Guoneng Harbin cogen power station (Phase II Unit 3 & 4)",cogen_conventional_steam_coal,39,1,0,0,0,1,0,0,0,0,0,0,0,0,0,0,350,1,350,0,1.78,117,13.7,10.0908,HL_Coal,0.6425,1,1,0.6,0.6,8,8,,,
HL,Harbin-1 power station Phase VI Unit 9,华电哈尔滨热电厂,Huadian Harbin-1 power station,cogen_conventional_steam_coal,40,1,0,0,0,1,0,0,0,0,0,0,0,0,0,0,350,1,350,0,1.78,117,13.7,9.5722,HL_Coal,0.6425,1,1,0.6,0.6,8,8,,,
HL,Harbin-1 power station Phase V Unit 7,华电哈尔滨热电厂,Huadian Harbin-1 power station,cogen_conventional_steam_coal,41,1,0,0,0,1,0,0,0,0,0,0,0,0,0,0,300,1,300,0,1.78,117,13.7,10.4424,HL_Coal,0.6425,1,1,0.6,0.6,8,8,,,
HL,Harbin-1 power station Phase V Unit 8,华电哈尔滨热电厂,Huadian Harbin-1 power station,cogen_conventional_steam_coal,42,1,0,0,0,1,0,0,0,0,0,0,0,0,0,0,300,1,300,0,1.78,117,13.7,10.4424,HL_Coal,0.6425,1,1,0.6,0.6,8,8,,,
HL,Harbin-3 power station Unit 1,"华电哈尔滨第三发电厂 660MW“上大压小”热电联产机组, 华电哈尔滨第三发电厂",Huadian Harbin-3 power station,cogen_conventional_steam_coal,43,1,0,0,0,1,0,0,0,0,0,0,0,0,0,0,220,1,220,0,1.78,117,13.7,12.6179,HL_Coal,0.6425,1,1,0.6,0.6,8,8,,,
HL,Harbin-3 power station Unit 2,"华电哈尔滨第三发电厂 660MW“上大压小”热电联产机组, 华电哈尔滨第三发电厂",Huadian Harbin-3 power station,cogen_conventional_steam_coal,44,1,0,0,0,1,0,0,0,0,0,0,0,0,0,0,220,1,220,0,1.78,117,13.7,12.6179,HL_Coal,0.6425,1,1,0.6,0.6,8,8,,,
HL,Harbin-3 power station Unit 3,"华电哈尔滨第三发电厂 660MW“上大压小”热电联产机组, 华电哈尔滨第三发电厂",Huadian Harbin-3 power station,cogen_conventional_steam_coal,45,1,0,0,0,1,0,0,0,0,0,0,0,0,0,0,600,1,600,0,1.78,117,13.7,10.4424,HL_Coal,0.6425,1,1,0.6,0.6,8,8,,,
HL,Harbin-3 power station Unit 4,"华电哈尔滨第三发电厂 660MW“上大压小”热电联产机组, 华电哈尔滨第三发电厂",Huadian Harbin-3 power station,cogen_conventional_steam_coal,46,1,0,0,0,1,0,0,0,0,0,0,0,0,0,0,600,1,600,0,1.78,117,13.7,10.4424,HL_Coal,0.6425,1,1,0.6,0.6,8,8,,,
HL,Harbin-3 power station Unit 5,"华电哈尔滨第三发电厂 660MW“上大压小”热电联产机组, 华电哈尔滨第三发电厂",Huadian Harbin-3 power station,cogen_conventional_steam_coal,47,1,0,0,0,1,0,0,0,0,0,0,0,0,0,0,660,1,660,0,1.78,117,13.7,8.272,HL_Coal,0.6425,1,1,0.6,0.6,8,8,,,
HL,Hegang power station Phase II Unit 3,华能鹤岗发电厂,Huaneng Hegang power station,cogen_conventional_steam_coal,48,1,0,0,0,1,0,0,0,0,0,0,0,0,0,0,600,1,600,0,1.78,117,13.7,9.2499,HL_Coal,0.6425,1,1,0.6,0.6,8,8,,,
HL,Hegang power station Phase I Unit 1,华能鹤岗发电厂,Huaneng Hegang power station,cogen_conventional_steam_coal,49,1,0,0,0,1,0,0,0,0,0,0,0,0,0,0,300,1,300,0,1.78,117,13.7,11.3126,HL_Coal,0.6425,1,1,0.6,0.6,8,8,,,
HL,Hegang power station Phase I Unit 2,华能鹤岗发电厂,Huaneng Hegang power station,cogen_conventional_steam_coal,50,1,0,0,0,1,0,0,0,0,0,0,0,0,0,0,300,1,300,0,1.78,117,13.7,11.3126,HL_Coal,0.6425,1,1,0.6,0.6,8,8,,,
HL,Heilongjiang Baoqing power station Phase I Unit 1,神华国能宝清发电厂,"Luneng Baoqing power station, Shenhua Baoqing power station",cogen_conventional_steam_coal,51,1,0,0,0,1,0,0,0,0,0,0,0,0,0,0,600,1,600,0,1.78,117,13.7,8.409,HL_Coal,0.6425,1,1,0.6,0.6,8,8,,,
HL,Heilongjiang Baoqing power station Phase I Unit 2,神华国能宝清发电厂,"Luneng Baoqing power station, Shenhua Baoqing power station",cogen_conventional_steam_coal,52,1,0,0,0,1,0,0,0,0,0,0,0,0,0,0,600,1,600,0,1.78,117,13.7,8.409,HL_Coal,0.6425,1,1,0.6,0.6,8,8,,,
HL,Heilongjiang Hegang Mining power station Unit 1,龙煤鹤岗矿业热电厂,"龙煤鹤岗矿业热电厂 (Unit 3, Unit 4), 龙煤鹤岗矿业立达矸石电厂 (Unit 1, Unit 2), 龙煤鹤岗矿业煤矸石热电厂 (Unit 5, Unit 6)",cogen_conventional_steam_coal,53,1,0,0,0,1,0,0,0,0,0,0,0,0,0,0,50,1,50,0,1.78,117,13.7,12.6179,HL_Coal,0.6425,1,1,0.6,0.6,8,8,,,
HL,Heilongjiang Hegang Mining power station Unit 2,龙煤鹤岗矿业热电厂,"龙煤鹤岗矿业热电厂 (Unit 3, Unit 4), 龙煤鹤岗矿业立达矸石电厂 (Unit 1, Unit 2), 龙煤鹤岗矿业煤矸石热电厂 (Unit 5, Unit 6)",cogen_conventional_steam_coal,54,1,0,0,0,1,0,0,0,0,0,0,0,0,0,0,50,1,50,0,1.78,117,13.7,12.6179,HL_Coal,0.6425,1,1,0.6,0.6,8,8,,,
HL,Heilongjiang Hegang Mining power station Unit 3,龙煤鹤岗矿业热电厂,"龙煤鹤岗矿业热电厂 (Unit 3, Unit 4), 龙煤鹤岗矿业立达矸石电厂 (Unit 1, Unit 2), 龙煤鹤岗矿业煤矸石热电厂 (Unit 5, Unit 6)",cogen_conventional_steam_coal,55,1,0,0,0,1,0,0,0,0,0,0,0,0,0,0,50,1,50,0,1.78,117,13.7,11.3126,HL_Coal,0.6425,1,1,0.6,0.6,8,8,,,
HL,Heilongjiang Hegang Mining power station Unit 4,龙煤鹤岗矿业热电厂,"龙煤鹤岗矿业热电厂 (Unit 3, Unit 4), 龙煤鹤岗矿业立达矸石电厂 (Unit 1, Unit 2), 龙煤鹤岗矿业煤矸石热电厂 (Unit 5, Unit 6)",cogen_conventional_steam_coal,56,1,0,0,0,1,0,0,0,0,0,0,0,0,0,0,50,1,50,0,1.78,117,13.7,11.3126,HL_Coal,0.6425,1,1,0.6,0.6,8,8,,,
HL,Heilongjiang Qiqihar power station Unit 1,华电齐齐哈尔热电厂,,cogen_conventional_steam_coal,57,1,0,0,0,1,0,0,0,0,0,0,0,0,0,0,300,1,300,0,1.78,117,13.7,10.4424,HL_Coal,0.6425,1,1,0.6,0.6,8,8,,,
HL,Heilongjiang Qiqihar power station Unit 2,华电齐齐哈尔热电厂,,cogen_conventional_steam_coal,58,1,0,0,0,1,0,0,0,0,0,0,0,0,0,0,300,1,300,0,1.78,117,13.7,10.4424,HL_Coal,0.6425,1,1,0.6,0.6,8,8,,,
HL,Huaneng Daqing power station Unit 1,华能大庆热电厂,,cogen_conventional_steam_coal,59,1,0,0,0,1,0,0,0,0,0,0,0,0,0,0,350,1,350,0,1.78,117,13.7,10.0908,HL_Coal,0.6425,1,1,0.6,0.6,8,8,,,
HL,Huaneng Daqing power station Unit 2,华能大庆热电厂,,cogen_conventional_steam_coal,60,1,0,0,0,1,0,0,0,0,0,0,0,0,0,0,350,1,350,0,1.78,117,13.7,10.0908,HL_Coal,0.6425,1,1,0.6,0.6,8,8,,,
HL,Jiagedaqi Cogen power station Unit 1,加格达奇热电厂,,cogen_conventional_steam_coal,61,1,0,0,0,1,0,0,0,0,0,0,0,0,0,0,135,1,135,0,1.78,117,13.7,10.326,HL_Coal,0.6425,1,1,0.6,0.6,8,8,,,
HL,Jiagedaqi Cogen power station Unit 2,加格达奇热电厂,,cogen_conventional_steam_coal,62,1,0,0,0,1,0,0,0,0,0,0,0,0,0,0,135,1,135,0,1.78,117,13.7,10.326,HL_Coal,0.6425,1,1,0.6,0.6,8,8,,,
HL,Jiamusi Zhongheng Cogen power station Unit 1,佳木斯中恒热电厂,,cogen_conventional_steam_coal,63,1,0,0,0,1,0,0,0,0,0,0,0,0,0,0,75,1,75,0,1.78,117,13.7,11.1865,HL_Coal,0.6425,1,1,0.6,0.6,8,8,,,
HL,Jiamusi Zhongheng Cogen power station Unit 3,佳木斯中恒热电厂,,cogen_conventional_steam_coal,64,1,0,0,0,1,0,0,0,0,0,0,0,0,0,0,50,1,50,0,1.78,117,13.7,10.326,HL_Coal,0.6425,1,1,0.6,0.6,8,8,,,
HL,Jiamusi-2 power station Unit 4,佳木斯第二发电厂,"华电佳木斯热电厂 (Unit 4, Unit 5), 大唐佳木斯第二发电厂 (Unit 1, Unit 2, Unit 3)",cogen_conventional_steam_coal,65,1,0,0,0,1,0,0,0,0,0,0,0,0,0,0,300,1,300,0,1.78,117,13.7,10.4424,HL_Coal,0.6425,1,1,0.6,0.6,8,8,,,
HL,Jiamusi-2 power station Unit 5,佳木斯第二发电厂,"华电佳木斯热电厂 (Unit 4, Unit 5), 大唐佳木斯第二发电厂 (Unit 1, Unit 2, Unit 3)",cogen_conventional_steam_coal,66,1,0,0,0,1,0,0,0,0,0,0,0,0,0,0,300,1,300,0,1.78,117,13.7,10.4424,HL_Coal,0.6425,1,1,0.6,0.6,8,8,,,
HL,Jixi City power station Unit 1,鸡西市燃煤电厂,,cogen_conventional_steam_coal,67,1,0,0,0,1,0,0,0,0,0,0,0,0,0,0,660,1,660,0,1.78,117,13.7,8.272,HL_Coal,0.6425,1,1,0.6,0.6,8,8,,,
HL,Jixi City power station Unit 2,鸡西市燃煤电厂,,cogen_conventional_steam_coal,68,1,0,0,0,1,0,0,0,0,0,0,0,0,0,0,660,1,660,0,1.78,117,13.7,8.272,HL_Coal,0.6425,1,1,0.6,0.6,8,8,,,
HL,Jixi power station Unit 10,大唐鸡西热电厂,"大唐鸡西第二热电厂 (Unit 11, Unit 12)",cogen_conventional_steam_coal,69,1,0,0,0,1,0,0,0,0,0,0,0,0,0,0,125,1,125,0,1.78,117,13.7,12.1828,HL_Coal,0.6425,1,1,0.6,0.6,8,8,,,
HL,Jixi power station Unit 11,大唐鸡西热电厂,"大唐鸡西第二热电厂 (Unit 11, Unit 12)",cogen_conventional_steam_coal,70,1,0,0,0,1,0,0,0,0,0,0,0,0,0,0,300,1,300,0,1.78,117,13.7,10.4424,HL_Coal,0.6425,1,1,0.6,0.6,8,8,,,
HL,Jixi power station Unit 12,大唐鸡西热电厂,"大唐鸡西第二热电厂 (Unit 11, Unit 12)",cogen_conventional_steam_coal,71,1,0,0,0,1,0,0,0,0,0,0,0,0,0,0,300,1,300,0,1.78,117,13.7,10.4424,HL_Coal,0.6425,1,1,0.6,0.6,8,8,,,
HL,Jixi power station Unit 9,大唐鸡西热电厂,"大唐鸡西第二热电厂 (Unit 11, Unit 12)",cogen_conventional_steam_coal,72,1,0,0,0,1,0,0,0,0,0,0,0,0,0,0,125,1,125,0,1.78,117,13.7,12.1828,HL_Coal,0.6425,1,1,0.6,0.6,8,8,,,
HL,Linkou Shengye Cogen power station Unit 1,林口盛烨热电厂,"林口海浪热电厂, Linkou Cogen power station",cogen_conventional_steam_coal,73,1,0,0,0,1,0,0,0,0,0,0,0,0,0,0,50,1,50,0,1.78,117,13.7,10.4424,HL_Coal,0.6425,1,1,0.6,0.6,8,8,,,
HL,Mudanjiang Cogen power station Unit 5,牡丹江热电厂,,cogen_conventional_steam_coal,74,1,0,0,0,1,0,0,0,0,0,0,0,0,0,0,80,1,80,0,1.78,117,13.7,12.047,HL_Coal,0.6425,1,1,0.6,0.6,8,8,,,
HL,Mudanjiang Cogen power station Unit 6,牡丹江热电厂,,cogen_conventional_steam_coal,75,1,0,0,0,1,0,0,0,0,0,0,0,0,0,0,100,1,100,0,1.78,117,13.7,10.326,HL_Coal,0.6425,1,1,0.6,0.6,8,8,,,
HL,Mudanjiang-2 power station Unit 6,华电牡丹江第二发电厂,,conventional_steam_coal,76,1,0,0,0,1,0,0,0,0,0,0,0,0,0,0,215,1,215,0,1.78,117,13.7,12.6179,HL_Coal,0.6425,1,1,0.6,0.6,8,8,,,
HL,Mudanjiang-2 power station Unit 7,华电牡丹江第二发电厂,,conventional_steam_coal,77,1,0,0,0,1,0,0,0,0,0,0,0,0,0,0,200,1,200,0,1.78,117,13.7,12.1828,HL_Coal,0.6425,1,1,0.6,0.6,8,8,,,
HL,Mudanjiang-2 power station Unit 8,华电牡丹江第二发电厂,,cogen_conventional_steam_coal,78,1,0,0,0,1,0,0,0,0,0,0,0,0,0,0,300,1,300,0,1.78,117,13.7,10.4424,HL_Coal,0.6425,1,1,0.6,0.6,8,8,,,
HL,Mudanjiang-2 power station Unit 9,华电牡丹江第二发电厂,,cogen_conventional_steam_coal,79,1,0,0,0,1,0,0,0,0,0,0,0,0,0,0,300,1,300,0,1.78,117,13.7,10.4424,HL_Coal,0.6425,1,1,0.6,0.6,8,8,,,
HL,Qitaihe power station Unit 1,大唐七台河发电厂,Datang Qitaihe power station,cogen_conventional_steam_coal,80,1,0,0,0,1,0,0,0,0,0,0,0,0,0,0,350,1,350,0,1.78,117,13.7,11.3126,HL_Coal,0.6425,1,1,0.6,0.6,8,8,,,
HL,Qitaihe power station Unit 2,大唐七台河发电厂,Datang Qitaihe power station,cogen_conventional_steam_coal,81,1,0,0,0,1,0,0,0,0,0,0,0,0,0,0,350,1,350,0,1.78,117,13.7,11.3126,HL_Coal,0.6425,1,1,0.6,0.6,8,8,,,
HL,Qitaihe power station Unit 3,大唐七台河发电厂,Datang Qitaihe power station,conventional_steam_coal,82,1,0,0,0,1,0,0,0,0,0,0,0,0,0,0,600,1,600,0,1.78,117,13.7,9.5722,HL_Coal,0.6425,1,1,0.6,0.6,8,8,,,
HL,Qitaihe power station Unit 4,大唐七台河发电厂,Datang Qitaihe power station,conventional_steam_coal,83,1,0,0,0,1,0,0,0,0,0,0,0,0,0,0,600,1,600,0,1.78,117,13.7,9.5722,HL_Coal,0.6425,1,1,0.6,0.6,8,8,,,
HL,Shuangyashan power station Phase II Unit 1,国电双鸭山发电厂,,conventional_steam_coal,84,1,0,0,0,1,0,0,0,0,0,0,0,0,0,0,600,1,600,0,1.78,117,13.7,9.2499,HL_Coal,0.6425,1,1,0.6,0.6,8,8,,,
HL,Shuangyashan power station Phase II Unit 2,国电双鸭山发电厂,,conventional_steam_coal,85,1,0,0,0,1,0,0,0,0,0,0,0,0,0,0,600,1,600,0,1.78,117,13.7,9.2499,HL_Coal,0.6425,1,1,0.6,0.6,8,8,,,
HL,Suihua power station Unit 1,大唐绥化热电厂,Datang Suihua power station,cogen_conventional_steam_coal,86,1,0,0,0,1,0,0,0,0,0,0,0,0,0,0,350,1,350,0,1.78,117,13.7,9.2499,HL_Coal,0.6425,1,1,0.6,0.6,8,8,,,
HL,Suihua power station Unit 2,大唐绥化热电厂,Datang Suihua power station,cogen_conventional_steam_coal,87,1,0,0,0,1,0,0,0,0,0,0,0,0,0,0,350,1,350,0,1.78,117,13.7,9.2499,HL_Coal,0.6425,1,1,0.6,0.6,8,8,,,
HL,Tieli Yuxiang Cogen power station Unit 1,铁力宇祥热电项目,铁力宇祥热电公司城区热电联产集中供热热源建设项目,cogen_conventional_steam_coal,88,1,0,0,0,1,0,0,0,0,0,0,0,0,0,0,56,1,56,0,1.78,117,13.7,10.326,HL_Coal,0.6425,1,1,0.6,0.6,8,8,,,
HL,Wuchang Cogen power station Unit 1,五常市天宝热电厂,,cogen_conventional_steam_coal,89,1,0,0,0,1,0,0,0,0,0,0,0,0,0,0,50,1,50,0,1.78,117,13.7,10.4424,HL_Coal,0.6425,1,1,0.6,0.6,8,8,,,
HL,Xinhua power station Unit 5,华能新华发电厂,Huaneng Xinhua Daqing power station,conventional_steam_coal,90,1,0,0,0,1,0,0,0,0,0,0,0,0,0,0,200,1,200,0,1.78,117,13.7,12.6179,HL_Coal,0.6425,1,1,0.6,0.6,8,8,,,
HL,Xinhua power station Unit 6,华能新华发电厂,Huaneng Xinhua Daqing power station,conventional_steam_coal,91,1,0,0,0,1,0,0,0,0,0,0,0,0,0,0,330,1,330,0,1.78,117,13.7,10.4424,HL_Coal,0.6425,1,1,0.6,0.6,8,8,,,
HL,Yichun cogen power station Unit 1,华能伊春热电,,cogen_conventional_steam_coal,92,1,0,0,0,1,0,0,0,0,0,0,0,0,0,0,350,1,350,0,1.78,117,13.7,9.2499,HL_Coal,0.6425,1,1,0.6,0.6,8,8,,,
HL,Yichun cogen power station Unit 2,华能伊春热电,,cogen_conventional_steam_coal,93,1,0,0,0,1,0,0,0,0,0,0,0,0,0,0,350,1,350,0,1.78,117,13.7,9.2499,HL_Coal,0.6425,1,1,0.6,0.6,8,8,,,
HL,Yipin Captive power station Unit 1,伊品能源热电联产,,cogen_conventional_steam_coal,94,1,0,0,0,1,0,0,0,0,0,0,0,0,0,0,35,1,35,0,1.78,117,13.7,10.326,HL_Coal,0.6425,1,1,0.6,0.6,8,8,,,
HL,Yipin Captive power station Unit 2,伊品能源热电联产,,cogen_conventional_steam_coal,95,1,0,0,0,1,0,0,0,0,0,0,0,0,0,0,35,1,35,0,1.78,117,13.7,10.326,HL_Coal,0.6425,1,1,0.6,0.6,8,8,,,
HL,Yipin Captive power station Unit 3,伊品能源热电联产,,cogen_conventional_steam_coal,96,1,0,0,0,1,0,0,0,0,0,0,0,0,0,0,35,1,35,0,1.78,117,13.7,10.326,HL_Coal,0.6425,1,1,0.6,0.6,8,8,,,
HL,HL_conventional_hydroelectric,,,conventional_hydroelectric,97,1,0,0,0,0,0,0,0,1,0,1,0,0,1,0,1150,1,1150,1150,0,0,0,0,None,0,1,1,1,1,0,0,,,
HL,HL_hydroelectric_pumped_storage,,,hydroelectric_pumped_storage,98,1,1,0,0,0,0,0,0,0,0,0,0,0,1,0,2400,1,3600,28800,0,0,0,0,None,0,0.8,0.8,1,1,0,0,,,
HL,HL_GAS_1,,,natural_gas_fired_combined_cycle,99,1,0,0,0,0,0,0,1,0,0,0,0,0,0,0,80,1,80,0,3.75,87,2,7.6,HL_Gas,0.2,1,1,1,1,2,2,,,
HL,HL_GAS_2,,,natural_gas_fired_combined_cycle,100,1,0,0,0,0,0,0,1,0,0,0,0,0,0,0,65,1,65,0,3.75,87,2,7.6,HL_Gas,0.2,1,1,1,1,2,2,,,
HL,HL_onshore_wind_turbine,,,onshore_wind_turbine,101,1,0,0,0,0,0,1,0,0,0,0,0,1,1,0,32692,1,32692,0,0,0,0,0,None,0,1,1,1,1,0,0,,,
HL,HL_solar_photovoltaic,,,solar_photovoltaic,102,1,0,1,0,0,0,0,0,0,0,0,0,1,1,0,17308,1,17308,0,0,0,0,0,None,0,1,1,1,1,0,0,,,
HL,HL_batteries,,,batteries,103,1,1,0,0,0,0,0,0,0,0,0,0,0,1,0,3000,1,3000,12000,0,0,0,0,None,0,0.95,0.95,1,1,0,0,,,
IME,Chifeng Cogen power station Unit 1,国家电投内蒙能源赤峰热电厂B厂,,cogen_conventional_steam_coal,104,2,0,0,0,1,0,0,0,0,0,0,0,0,0,0,135,1,135,0,1.78,117,13.7,11.3126,IME_Coal,0.6425,1,1,0.6,0.6,8,8,,,
IME,Chifeng Cogen power station Unit 2,国家电投内蒙能源赤峰热电厂B厂,,cogen_conventional_steam_coal,105,2,0,0,0,1,0,0,0,0,0,0,0,0,0,0,135,1,135,0,1.78,117,13.7,11.3126,IME_Coal,0.6425,1,1,0.6,0.6,8,8,,,
IME,Chifeng Daban power station Unit 1,国家电投内蒙古大板发电厂,,conventional_steam_coal,106,2,0,0,0,1,0,0,0,0,0,0,0,0,0,0,600,1,600,0,1.78,117,13.7,9.5722,IME_Coal,0.6425,1,1,0.6,0.6,8,8,,,
IME,Chifeng Daban power station Unit 2,国家电投内蒙古大板发电厂,,conventional_steam_coal,107,2,0,0,0,1,0,0,0,0,0,0,0,0,0,0,600,1,600,0,1.78,117,13.7,9.5722,IME_Coal,0.6425,1,1,0.6,0.6,8,8,,,
IME,Chifeng Economic Development Zone Captive Cogen power station Unit 1,赤峰经济开发区自备热电联产项目,,cogen_conventional_steam_coal,108,2,0,0,0,1,0,0,0,0,0,0,0,0,0,0,350,1,350,0,1.78,117,13.7,9.2499,IME_Coal,0.6425,1,1,0.6,0.6,8,8,,,
IME,Chifeng Economic Development Zone Captive Cogen power station Unit 2,赤峰经济开发区自备热电联产项目,,cogen_conventional_steam_coal,109,2,0,0,0,1,0,0,0,0,0,0,0,0,0,0,350,1,350,0,1.78,117,13.7,9.2499,IME_Coal,0.6425,1,1,0.6,0.6,8,8,,,
IME,Chifeng Fulong Cogen power station Unit 4,赤峰富龙热电,,cogen_conventional_steam_coal,110,2,0,0,0,1,0,0,0,0,0,0,0,0,0,0,50,1,50,0,1.78,117,13.7,10.4424,IME_Coal,0.6425,1,1,0.6,0.6,8,8,,,
IME,Chifeng Fulong Cogen power station Unit 5,赤峰富龙热电,,cogen_conventional_steam_coal,111,2,0,0,0,1,0,0,0,0,0,0,0,0,0,0,50,1,50,0,1.78,117,13.7,10.4424,IME_Coal,0.6425,1,1,0.6,0.6,8,8,,,
IME,Chifeng New City Region power station Unit 1,国家电投赤峰新城热电,,cogen_conventional_steam_coal,112,2,0,0,0,1,0,0,0,0,0,0,0,0,0,0,300,1,300,0,1.78,117,13.7,9.5722,IME_Coal,0.6425,1,1,0.6,0.6,8,8,,,
IME,Chifeng New City Region power station Unit 2,国家电投赤峰新城热电,,cogen_conventional_steam_coal,113,2,0,0,0,1,0,0,0,0,0,0,0,0,0,0,300,1,300,0,1.78,117,13.7,9.5722,IME_Coal,0.6425,1,1,0.6,0.6,8,8,,,
IME,Chifeng Waste Coal power station Unit 1,京能赤峰能源发展公司煤矸石电厂,,cogen_conventional_steam_coal,114,2,0,0,0,1,0,0,0,0,0,0,0,0,0,0,135,1,135,0,1.78,117,13.7,11.3126,IME_Coal,0.6425,1,1,0.6,0.6,8,8,,,
IME,Chifeng Waste Coal power station Unit 2,京能赤峰能源发展公司煤矸石电厂,,cogen_conventional_steam_coal,115,2,0,0,0,1,0,0,0,0,0,0,0,0,0,0,135,1,135,0,1.78,117,13.7,11.3126,IME_Coal,0.6425,1,1,0.6,0.6,8,8,,,
IME,Chifeng Yuanbaoshan power station Phase III Unit 3,国电元宝山发电厂,"国电元宝山发电扩建项目 (Phase IV Unit 5, Phase IV Unit 6)",conventional_steam_coal,116,2,0,0,0,1,0,0,0,0,0,0,0,0,0,0,600,1,600,0,1.78,117,13.7,10.4424,IME_Coal,0.6425,1,1,0.6,0.6,8,8,,,
IME,Chifeng Yuanbaoshan power station Phase III Unit 4,国电元宝山发电厂,"国电元宝山发电扩建项目 (Phase IV Unit 5, Phase IV Unit 6)",conventional_steam_coal,117,2,0,0,0,1,0,0,0,0,0,0,0,0,0,0,600,1,600,0,1.78,117,13.7,9.5722,IME_Coal,0.6425,1,1,0.6,0.6,8,8,,,
IME,Chifeng Yuanbaoshan power station Phase II Unit 2,国电元宝山发电厂,"国电元宝山发电扩建项目 (Phase IV Unit 5, Phase IV Unit 6)",conventional_steam_coal,118,2,0,0,0,1,0,0,0,0,0,0,0,0,0,0,600,1,600,0,1.78,117,13.7,10.8775,IME_Coal,0.6425,1,1,0.6,0.6,8,8,,,
IME,Hexigten Coal Gasification captive power station Unit 1,大唐克什克腾旗煤制气项目自备电厂,Datang Keshiketeng Coal Gasification captive power station,conventional_steam_coal,119,2,0,0,0,1,0,0,0,0,0,0,0,0,0,0,30,1,30,0,1.78,117,13.7,11.1865,IME_Coal,0.6425,1,1,0.6,0.6,8,8,,,
IME,Hexigten Coal Gasification captive power station Unit 2,大唐克什克腾旗煤制气项目自备电厂,Datang Keshiketeng Coal Gasification captive power station,conventional_steam_coal,120,2,0,0,0,1,0,0,0,0,0,0,0,0,0,0,30,1,30,0,1.78,117,13.7,11.1865,IME_Coal,0.6425,1,1,0.6,0.6,8,8,,,
IME,Hexigten Coal Gasification captive power station Unit 3,大唐克什克腾旗煤制气项目自备电厂,Datang Keshiketeng Coal Gasification captive power station,conventional_steam_coal,121,2,0,0,0,1,0,0,0,0,0,0,0,0,0,0,100,1,100,0,1.78,117,13.7,11.1865,IME_Coal,0.6425,1,1,0.6,0.6,8,8,,,
IME,Hexigten Coal Gasification captive power station Unit 4,大唐克什克腾旗煤制气项目自备电厂,Datang Keshiketeng Coal Gasification captive power station,conventional_steam_coal,122,2,0,0,0,1,0,0,0,0,0,0,0,0,0,0,100,1,100,0,1.78,117,13.7,11.1865,IME_Coal,0.6425,1,1,0.6,0.6,8,8,,,
IME,Ningcheng Lihe cogen power station Unit 1,宁城县立和热电有限公司背压式热电联产集中供热项目,,cogen_conventional_steam_coal,123,2,0,0,0,1,0,0,0,0,0,0,0,0,0,0,30,1,30,0,1.78,117,13.7,10.4424,IME_Coal,0.6425,1,1,0.6,0.6,8,8,,,
IME,Ningcheng Lihe cogen power station Unit 2,宁城县立和热电有限公司背压式热电联产集中供热项目,,cogen_conventional_steam_coal,124,2,0,0,0,1,0,0,0,0,0,0,0,0,0,0,30,1,30,0,1.78,117,13.7,10.4424,IME_Coal,0.6425,1,1,0.6,0.6,8,8,,,
IME,Ningcheng Lihe cogen power station Unit 3,宁城县立和热电有限公司背压式热电联产集中供热项目,,cogen_conventional_steam_coal,125,2,0,0,0,1,0,0,0,0,0,0,0,0,0,0,30,1,30,0,1.78,117,13.7,10.4424,IME_Coal,0.6425,1,1,0.6,0.6,8,8,,,
IME,Huaneng Hinggan-1 power station Unit 1,华能北方联合电力兴安热电,"乌兰浩特第一热电, Ulanhot Xing'an-1 power station",cogen_conventional_steam_coal,126,2,0,0,0,1,0,0,0,0,0,0,0,0,0,0,50,1,50,0,1.78,117,13.7,11.3126,IME_Coal,0.6425,1,1,0.6,0.6,8,8,,,
IME,Huaneng Hinggan-1 power station Unit 2,华能北方联合电力兴安热电,"乌兰浩特第一热电, Ulanhot Xing'an-1 power station",cogen_conventional_steam_coal,127,2,0,0,0,1,0,0,0,0,0,0,0,0,0,0,50,1,50,0,1.78,117,13.7,11.3126,IME_Coal,0.6425,1,1,0.6,0.6,8,8,,,
IME,Huaneng Hinggan-2 power station Unit 1,华能北方联合电力兴安热电,"Ulanhot Xing'an-2 power station, 乌兰浩特第二热电",cogen_conventional_steam_coal,128,2,0,0,0,1,0,0,0,0,0,0,0,0,0,0,50,1,50,0,1.78,117,13.7,11.3126,IME_Coal,0.6425,1,1,0.6,0.6,8,8,,,
IME,Huaneng Hinggan-2 power station Unit 2,华能北方联合电力兴安热电,"Ulanhot Xing'an-2 power station, 乌兰浩特第二热电",cogen_conventional_steam_coal,129,2,0,0,0,1,0,0,0,0,0,0,0,0,0,0,50,1,50,0,1.78,117,13.7,11.3126,IME_Coal,0.6425,1,1,0.6,0.6,8,8,,,
IME,Inner Mongolia Energy Hinggan power station Unit 1,蒙能兴安热电厂,乌兰浩特热电,cogen_conventional_steam_coal,130,2,0,0,0,1,0,0,0,0,0,0,0,0,0,0,340,1,340,0,1.78,117,13.7,9.5722,IME_Coal,0.6425,1,1,0.6,0.6,8,8,,,
IME,Inner Mongolia Energy Hinggan power station Unit 2,蒙能兴安热电厂,乌兰浩特热电,cogen_conventional_steam_coal,131,2,0,0,0,1,0,0,0,0,0,0,0,0,0,0,340,1,340,0,1.78,117,13.7,9.5722,IME_Coal,0.6425,1,1,0.6,0.6,8,8,,,
IME,Jingke power station Unit 1,内蒙古源源能源集团京科发电厂,"京科发电有限公司科右中热电厂扩建工程 (Phase II), 内蒙古源源能源集团京科发电公司科右中电厂",cogen_conventional_steam_coal,132,2,0,0,0,1,0,0,0,0,0,0,0,0,0,0,330,1,330,0,1.78,117,13.7,10.4424,IME_Coal,0.6425,1,1,0.6,0.6,8,8,,,
IME,Jingke power station Unit 2,内蒙古源源能源集团京科发电厂,"京科发电有限公司科右中热电厂扩建工程 (Phase II), 内蒙古源源能源集团京科发电公司科右中电厂",cogen_conventional_steam_coal,133,2,0,0,0,1,0,0,0,0,0,0,0,0,0,0,350,1,350,0,1.78,117,13.7,9.2499,IME_Coal,0.6425,1,1,0.6,0.6,8,8,,,
IME,Keyouzhong power station Unit 1,蒙能科右中发电厂,"Xing’an Meng Youzhong power station, Guodian Mengneng Higgan Youzhong Power Plant",conventional_steam_coal,134,2,0,0,0,1,0,0,0,0,0,0,0,0,0,0,660,1,660,0,1.78,117,13.7,8.272,IME_Coal,0.6425,1,1,0.6,0.6,8,8,,,
IME,Keyouzhong power station Unit 2,蒙能科右中发电厂,"Xing’an Meng Youzhong power station, Guodian Mengneng Higgan Youzhong Power Plant",conventional_steam_coal,135,2,0,0,0,1,0,0,0,0,0,0,0,0,0,0,660,1,660,0,1.78,117,13.7,8.272,IME_Coal,0.6425,1,1,0.6,0.6,8,8,,,
IME,East Hailar power station Unit 3,华能呼伦贝尔能源开发安泰热电公司东海拉尔发电厂,,cogen_conventional_steam_coal,136,2,0,0,0,1,0,0,0,0,0,0,0,0,0,0,50,1,50,0,1.78,117,13.7,12.47725,IME_Coal,0.6425,1,1,0.6,0.6,8,8,,,
IME,East Hailar power station Unit 4,华能呼伦贝尔能源开发安泰热电公司东海拉尔发电厂,,cogen_conventional_steam_coal,137,2,0,0,0,1,0,0,0,0,0,0,0,0,0,0,50,1,50,0,1.78,117,13.7,12.47725,IME_Coal,0.6425,1,1,0.6,0.6,8,8,,,
IME,East Hailar power station Unit 5,华能呼伦贝尔能源开发安泰热电公司东海拉尔发电厂,,cogen_conventional_steam_coal,138,2,0,0,0,1,0,0,0,0,0,0,0,0,0,0,50,1,50,0,1.78,117,13.7,11.1865,IME_Coal,0.6425,1,1,0.6,0.6,8,8,,,
IME,Ewenki power station Phase I Unit 1,神华国能蒙东能源鄂温克电厂,,conventional_steam_coal,139,2,0,0,0,1,0,0,0,0,0,0,0,0,0,0,600,1,600,0,1.78,117,13.7,9.2499,IME_Coal,0.6425,1,1,0.6,0.6,8,8,,,
IME,Ewenki power station Phase I Unit 2,神华国能蒙东能源鄂温克电厂,,conventional_steam_coal,140,2,0,0,0,1,0,0,0,0,0,0,0,0,0,0,600,1,600,0,1.78,117,13.7,9.2499,IME_Coal,0.6425,1,1,0.6,0.6,8,8,,,
IME,Hailar power station Phase II Unit 3,华能呼伦贝尔能源开发安泰海拉尔热电厂,Huaneng Manzhouli Guangming power station,cogen_conventional_steam_coal,141,2,0,0,0,1,0,0,0,0,0,0,0,0,0,0,200,1,200,0,1.78,117,13.7,11.3126,IME_Coal,0.6425,1,1,0.6,0.6,8,8,,,
IME,Hailar power station Phase II Unit 4,华能呼伦贝尔能源开发安泰海拉尔热电厂,Huaneng Manzhouli Guangming power station,cogen_conventional_steam_coal,142,2,0,0,0,1,0,0,0,0,0,0,0,0,0,0,200,1,200,0,1.78,117,13.7,11.3126,IME_Coal,0.6425,1,1,0.6,0.6,8,8,,,
IME,Huiliuhe power station Unit 3,华能呼伦贝尔安泰热电公司汇流河发电厂,"Huaneng Yakeshi Huiliuhe power station, 华能蒙东公司汇流河发电厂35+5万千瓦热电联产项目",cogen_conventional_steam_coal,143,2,0,0,0,1,0,0,0,0,0,0,0,0,0,0,55,1,55,0,1.78,117,13.7,12.6179,IME_Coal,0.6425,1,1,0.6,0.6,8,8,,,
IME,Huiliuhe power station Unit 4,华能呼伦贝尔安泰热电公司汇流河发电厂,"Huaneng Yakeshi Huiliuhe power station, 华能蒙东公司汇流河发电厂35+5万千瓦热电联产项目",cogen_conventional_steam_coal,144,2,0,0,0,1,0,0,0,0,0,0,0,0,0,0,55,1,55,0,1.78,117,13.7,12.6179,IME_Coal,0.6425,1,1,0.6,0.6,8,8,,,
IME,Huiliuhe power station Unit 5,华能呼伦贝尔安泰热电公司汇流河发电厂,"Huaneng Yakeshi Huiliuhe power station, 华能蒙东公司汇流河发电厂35+5万千瓦热电联产项目",cogen_conventional_steam_coal,145,2,0,0,0,1,0,0,0,0,0,0,0,0,0,0,350,1,350,0,1.78,117,13.7,9.4655,IME_Coal,0.6425,1,1,0.6,0.6,8,8,,,
IME,Huiliuhe power station Unit 6,华能呼伦贝尔安泰热电公司汇流河发电厂,"Huaneng Yakeshi Huiliuhe power station, 华能蒙东公司汇流河发电厂35+5万千瓦热电联产项目",cogen_conventional_steam_coal,146,2,0,0,0,1,0,0,0,0,0,0,0,0,0,0,50,1,50,0,1.78,117,13.7,10.326,IME_Coal,0.6425,1,1,0.6,0.6,8,8,,,
IME,Hulunbuir Baorixile power station Phase I Unit 1,神华内蒙古国华呼伦贝尔发电公司宝日希勒发电厂,"神华内蒙古国华呼伦贝尔发电公司二期 (Phase II Unit 3, Phase II Unit 4)",conventional_steam_coal,147,2,0,0,0,1,0,0,0,0,0,0,0,0,0,0,600,1,600,0,1.78,117,13.7,9.2499,IME_Coal,0.6425,1,1,0.6,0.6,8,8,,,
IME,Hulunbuir Baorixile power station Phase I Unit 2,神华内蒙古国华呼伦贝尔发电公司宝日希勒发电厂,"神华内蒙古国华呼伦贝尔发电公司二期 (Phase II Unit 3, Phase II Unit 4)",conventional_steam_coal,148,2,0,0,0,1,0,0,0,0,0,0,0,0,0,0,600,1,600,0,1.78,117,13.7,9.2499,IME_Coal,0.6425,1,1,0.6,0.6,8,8,,,
IME,Manzhouli Dalaihu power station Unit 1,华能内蒙古东部能源公司满洲里达赉湖热电,"Shenzhen Manzhouli power station (Unit 1, Unit 2)",cogen_conventional_steam_coal,149,2,0,0,0,1,0,0,0,0,0,0,0,0,0,0,200,1,200,0,1.78,117,13.7,11.1865,IME_Coal,0.6425,1,1,0.6,0.6,8,8,,,
IME,Manzhouli Dalaihu power station Unit 2,华能内蒙古东部能源公司满洲里达赉湖热电,"Shenzhen Manzhouli power station (Unit 1, Unit 2)",cogen_conventional_steam_coal,150,2,0,0,0,1,0,0,0,0,0,0,0,0,0,0,200,1,200,0,1.78,117,13.7,11.1865,IME_Coal,0.6425,1,1,0.6,0.6,8,8,,,
IME,Manzhouli Dalaihu power station Unit 3,华能内蒙古东部能源公司满洲里达赉湖热电,"Shenzhen Manzhouli power station (Unit 1, Unit 2)",cogen_conventional_steam_coal,151,2,0,0,0,1,0,0,0,0,0,0,0,0,0,0,350,1,350,0,1.78,117,13.7,9.0992,IME_Coal,0.6425,1,1,0.6,0.6,8,8,,,
IME,Manzhouli Dalaihu power station Unit 4,华能内蒙古东部能源公司满洲里达赉湖热电,"Shenzhen Manzhouli power station (Unit 1, Unit 2)",cogen_conventional_steam_coal,152,2,0,0,0,1,0,0,0,0,0,0,0,0,0,0,350,1,350,0,1.78,117,13.7,9.0992,IME_Coal,0.6425,1,1,0.6,0.6,8,8,,,
IME,Yimin power station Phase III Unit 5,华能呼伦贝尔能源开发伊敏发电厂,Huaneng Yimin power station,cogen_conventional_steam_coal,153,2,0,0,0,1,0,0,0,0,0,0,0,0,0,0,600,1,600,0,1.78,117,13.7,9.2499,IME_Coal,0.6425,1,1,0.6,0.6,8,8,,,
IME,Yimin power station Phase III Unit 6,华能呼伦贝尔能源开发伊敏发电厂,Huaneng Yimin power station,cogen_conventional_steam_coal,154,2,0,0,0,1,0,0,0,0,0,0,0,0,0,0,600,1,600,0,1.78,117,13.7,9.2499,IME_Coal,0.6425,1,1,0.6,0.6,8,8,,,
IME,Yimin power station Phase II Unit 3,华能呼伦贝尔能源开发伊敏发电厂,Huaneng Yimin power station,cogen_conventional_steam_coal,155,2,0,0,0,1,0,0,0,0,0,0,0,0,0,0,600,1,600,0,1.78,117,13.7,9.5722,IME_Coal,0.6425,1,1,0.6,0.6,8,8,,,
IME,Yimin power station Phase II Unit 4,华能呼伦贝尔能源开发伊敏发电厂,Huaneng Yimin power station,cogen_conventional_steam_coal,156,2,0,0,0,1,0,0,0,0,0,0,0,0,0,0,600,1,600,0,1.78,117,13.7,9.5722,IME_Coal,0.6425,1,1,0.6,0.6,8,8,,,
IME,Yimin power station Phase I Unit 1,华能呼伦贝尔能源开发伊敏发电厂,Huaneng Yimin power station,cogen_conventional_steam_coal,157,2,0,0,0,1,0,0,0,0,0,0,0,0,0,0,500,1,500,0,1.78,117,13.7,10.0908,IME_Coal,0.6425,1,1,0.6,0.6,8,8,,,
IME,Yimin power station Phase I Unit 2,华能呼伦贝尔能源开发伊敏发电厂,Huaneng Yimin power station,cogen_conventional_steam_coal,158,2,0,0,0,1,0,0,0,0,0,0,0,0,0,0,500,1,500,0,1.78,117,13.7,10.0908,IME_Coal,0.6425,1,1,0.6,0.6,8,8,,,
IME,Chuangyuan Smelter power station Unit 1,创新集团霍林郭勒创源金属自备电厂,,conventional_steam_coal,159,2,0,0,0,1,0,0,0,0,0,0,0,0,0,0,330,1,330,0,1.78,117,13.7,9.5722,IME_Coal,0.6425,1,1,0.6,0.6,8,8,,,
IME,Chuangyuan Smelter power station Unit 2,创新集团霍林郭勒创源金属自备电厂,,conventional_steam_coal,160,2,0,0,0,1,0,0,0,0,0,0,0,0,0,0,330,1,330,0,1.78,117,13.7,9.5722,IME_Coal,0.6425,1,1,0.6,0.6,8,8,,,
IME,Chuangyuan Smelter power station Unit 3,创新集团霍林郭勒创源金属自备电厂,,conventional_steam_coal,161,2,0,0,0,1,0,0,0,0,0,0,0,0,0,0,330,1,330,0,1.78,117,13.7,9.5722,IME_Coal,0.6425,1,1,0.6,0.6,8,8,,,
IME,Chuangyuan Smelter power station Unit 4,创新集团霍林郭勒创源金属自备电厂,,conventional_steam_coal,162,2,0,0,0,1,0,0,0,0,0,0,0,0,0,0,330,1,330,0,1.78,117,13.7,9.5722,IME_Coal,0.6425,1,1,0.6,0.6,8,8,,,
IME,Chuangyuan Smelter power station Unit 5,创新集团霍林郭勒创源金属自备电厂,,conventional_steam_coal,163,2,0,0,0,1,0,0,0,0,0,0,0,0,0,0,330,1,330,0,1.78,117,13.7,9.5722,IME_Coal,0.6425,1,1,0.6,0.6,8,8,,,
IME,Chuangyuan Smelter power station Unit 6,创新集团霍林郭勒创源金属自备电厂,,conventional_steam_coal,164,2,0,0,0,1,0,0,0,0,0,0,0,0,0,0,330,1,330,0,1.78,117,13.7,9.5722,IME_Coal,0.6425,1,1,0.6,0.6,8,8,,,
IME,Hongjun Aluminum power station Phase A Unit 3,国家电投内蒙能源霍煤鸿骏电厂,"Tongliao Huolinhe power station (Phase B Unit 7, Phase B Unit 8)",cogen_conventional_steam_coal,165,2,0,0,0,1,0,0,0,0,0,0,0,0,0,0,100,1,100,0,1.78,117,13.7,12.1828,IME_Coal,0.6425,1,1,0.6,0.6,8,8,,,
IME,Hongjun Aluminum power station Phase A Unit 4,国家电投内蒙能源霍煤鸿骏电厂,"Tongliao Huolinhe power station (Phase B Unit 7, Phase B Unit 8)",cogen_conventional_steam_coal,166,2,0,0,0,1,0,0,0,0,0,0,0,0,0,0,100,1,100,0,1.78,117,13.7,11.3126,IME_Coal,0.6425,1,1,0.6,0.6,8,8,,,
IME,Hongjun Aluminum power station Phase A Unit 5,国家电投内蒙能源霍煤鸿骏电厂,"Tongliao Huolinhe power station (Phase B Unit 7, Phase B Unit 8)",cogen_conventional_steam_coal,167,2,0,0,0,1,0,0,0,0,0,0,0,0,0,0,150,1,150,0,1.78,117,13.7,11.3126,IME_Coal,0.6425,1,1,0.6,0.6,8,8,,,
IME,Hongjun Aluminum power station Phase A Unit 6,国家电投内蒙能源霍煤鸿骏电厂,"Tongliao Huolinhe power station (Phase B Unit 7, Phase B Unit 8)",cogen_conventional_steam_coal,168,2,0,0,0,1,0,0,0,0,0,0,0,0,0,0,150,1,150,0,1.78,117,13.7,11.3126,IME_Coal,0.6425,1,1,0.6,0.6,8,8,,,
IME,Hongjun Aluminum power station Phase B Unit 7,国家电投内蒙能源霍煤鸿骏电厂,"Tongliao Huolinhe power station (Phase B Unit 7, Phase B Unit 8)",cogen_conventional_steam_coal,169,2,0,0,0,1,0,0,0,0,0,0,0,0,0,0,300,1,300,0,1.78,117,13.7,10.4424,IME_Coal,0.6425,1,1,0.6,0.6,8,8,,,
IME,Hongjun Aluminum power station Phase B Unit 8,国家电投内蒙能源霍煤鸿骏电厂,"Tongliao Huolinhe power station (Phase B Unit 7, Phase B Unit 8)",cogen_conventional_steam_coal,170,2,0,0,0,1,0,0,0,0,0,0,0,0,0,0,300,1,300,0,1.78,117,13.7,10.4424,IME_Coal,0.6425,1,1,0.6,0.6,8,8,,,
IME,Hongjun Aluminum power station Phase C Unit 10,国家电投内蒙能源霍煤鸿骏电厂,"Tongliao Huolinhe power station (Phase B Unit 7, Phase B Unit 8)",cogen_conventional_steam_coal,171,2,0,0,0,1,0,0,0,0,0,0,0,0,0,0,350,1,350,0,1.78,117,13.7,9.5722,IME_Coal,0.6425,1,1,0.6,0.6,8,8,,,
IME,Hongjun Aluminum power station Phase C Unit 9,国家电投内蒙能源霍煤鸿骏电厂,"Tongliao Huolinhe power station (Phase B Unit 7, Phase B Unit 8)",cogen_conventional_steam_coal,172,2,0,0,0,1,0,0,0,0,0,0,0,0,0,0,350,1,350,0,1.78,117,13.7,9.5722,IME_Coal,0.6425,1,1,0.6,0.6,8,8,,,
IME,Huolinhe power station Phase I Unit 1,国家电投露天煤业通辽霍林河坑口发电厂,,cogen_conventional_steam_coal,173,2,0,0,0,1,0,0,0,0,0,0,0,0,0,0,600,1,600,0,1.78,117,13.7,9.5722,IME_Coal,0.6425,1,1,0.6,0.6,8,8,,,
IME,Huolinhe power station Phase I Unit 2,国家电投露天煤业通辽霍林河坑口发电厂,,cogen_conventional_steam_coal,174,2,0,0,0,1,0,0,0,0,0,0,0,0,0,0,600,1,600,0,1.78,117,13.7,9.5722,IME_Coal,0.6425,1,1,0.6,0.6,8,8,,,
IME,Huolinhe Zhanute power station Phase II Unit 3,锦江集团内蒙古锦联铝材公司自备电厂,,conventional_steam_coal,175,2,0,0,0,1,0,0,0,0,0,0,0,0,0,0,660,1,660,0,1.78,117,13.7,8.409,IME_Coal,0.6425,1,1,0.6,0.6,8,8,,,
IME,Huolinhe Zhanute power station Phase II Unit 4,锦江集团内蒙古锦联铝材公司自备电厂,,conventional_steam_coal,176,2,0,0,0,1,0,0,0,0,0,0,0,0,0,0,660,1,660,0,1.78,117,13.7,8.409,IME_Coal,0.6425,1,1,0.6,0.6,8,8,,,
IME,Huolinhe Zhanute power station Phase II Unit 5,锦江集团内蒙古锦联铝材公司自备电厂,,conventional_steam_coal,177,2,0,0,0,1,0,0,0,0,0,0,0,0,0,0,660,1,660,0,1.78,117,13.7,8.409,IME_Coal,0.6425,1,1,0.6,0.6,8,8,,,
IME,Huolinhe Zhanute power station Phase I Unit 1,锦江集团内蒙古锦联铝材公司自备电厂,,conventional_steam_coal,178,2,0,0,0,1,0,0,0,0,0,0,0,0,0,0,200,1,200,0,1.78,117,13.7,11.3126,IME_Coal,0.6425,1,1,0.6,0.6,8,8,,,
IME,Huolinhe Zhanute power station Phase I Unit 2,锦江集团内蒙古锦联铝材公司自备电厂,,conventional_steam_coal,179,2,0,0,0,1,0,0,0,0,0,0,0,0,0,0,200,1,200,0,1.78,117,13.7,11.3126,IME_Coal,0.6425,1,1,0.6,0.6,8,8,,,
IME,Jinyuankou Cogen power station Unit 1,内蒙古源源能源集团霍林郭勒金源口热电,,cogen_conventional_steam_coal,180,2,0,0,0,1,0,0,0,0,0,0,0,0,0,0,50,1,50,0,1.78,117,13.7,12.1828,IME_Coal,0.6425,1,1,0.6,0.6,8,8,,,
IME,Jinyuankou Cogen power station Unit 2,内蒙古源源能源集团霍林郭勒金源口热电,,cogen_conventional_steam_coal,181,2,0,0,0,1,0,0,0,0,0,0,0,0,0,0,50,1,50,0,1.78,117,13.7,12.1828,IME_Coal,0.6425,1,1,0.6,0.6,8,8,,,
IME,Jinyuankou Cogen power station Unit 3,内蒙古源源能源集团霍林郭勒金源口热电,,cogen_conventional_steam_coal,182,2,0,0,0,1,0,0,0,0,0,0,0,0,0,0,50,1,50,0,1.78,117,13.7,12.1828,IME_Coal,0.6425,1,1,0.6,0.6,8,8,,,
IME,Jinyufeng Biotechnology Co Kailu Cogen power station Unit 1,内蒙古金玉锋生物科技公司开鲁热电联产,内蒙古开鲁热电联产项目,cogen_conventional_steam_coal,183,2,0,0,0,1,0,0,0,0,0,0,0,0,0,0,100,1,100,0,1.78,117,13.7,10.4424,IME_Coal,0.6425,1,1,0.6,0.6,8,8,,,
IME,Jinyufeng Biotechnology Co Kailu Cogen power station Unit 2,内蒙古金玉锋生物科技公司开鲁热电联产,内蒙古开鲁热电联产项目,cogen_conventional_steam_coal,184,2,0,0,0,1,0,0,0,0,0,0,0,0,0,0,100,1,100,0,1.78,117,13.7,10.4424,IME_Coal,0.6425,1,1,0.6,0.6,8,8,,,
IME,Jiyuan Cogen power station Unit 1,内蒙古源源能源集团吉源热电,,cogen_conventional_steam_coal,185,2,0,0,0,1,0,0,0,0,0,0,0,0,0,0,36,1,36,0,1.78,117,13.7,10.326,IME_Coal,0.6425,1,1,0.6,0.6,8,8,,,
IME,Jiyuan Cogen power station Unit 2,内蒙古源源能源集团吉源热电,,cogen_conventional_steam_coal,186,2,0,0,0,1,0,0,0,0,0,0,0,0,0,0,36,1,36,0,1.78,117,13.7,10.326,IME_Coal,0.6425,1,1,0.6,0.6,8,8,,,
IME,Tongliao power station Unit 5,国家电投内蒙能源通辽发电总厂,"通辽盛发热电 (Unit 6 & 7), 通辽发电总厂热电厂六期扩建工程项目 (Unit 6 & 7), 内蒙公司通辽电投发电公司2×350兆瓦智慧热电联产机组项目 (Unit 8 & 9)",cogen_conventional_steam_coal,187,2,0,0,0,1,0,0,0,0,0,0,0,0,0,0,600,1,600,0,1.78,117,13.7,9.5722,IME_Coal,0.6425,1,1,0.6,0.6,8,8,,,
IME,Tongliao power station Unit 6,国家电投内蒙能源通辽发电总厂,"通辽盛发热电 (Unit 6 & 7), 通辽发电总厂热电厂六期扩建工程项目 (Unit 6 & 7), 内蒙公司通辽电投发电公司2×350兆瓦智慧热电联产机组项目 (Unit 8 & 9)",cogen_conventional_steam_coal,188,2,0,0,0,1,0,0,0,0,0,0,0,0,0,0,135,1,135,0,1.78,117,13.7,11.3126,IME_Coal,0.6425,1,1,0.6,0.6,8,8,,,
IME,Tongliao power station Unit 7,国家电投内蒙能源通辽发电总厂,"通辽盛发热电 (Unit 6 & 7), 通辽发电总厂热电厂六期扩建工程项目 (Unit 6 & 7), 内蒙公司通辽电投发电公司2×350兆瓦智慧热电联产机组项目 (Unit 8 & 9)",cogen_conventional_steam_coal,189,2,0,0,0,1,0,0,0,0,0,0,0,0,0,0,135,1,135,0,1.78,117,13.7,11.3126,IME_Coal,0.6425,1,1,0.6,0.6,8,8,,,
IME,Tongliao power station Unit 8,国家电投内蒙能源通辽发电总厂,"通辽盛发热电 (Unit 6 & 7), 通辽发电总厂热电厂六期扩建工程项目 (Unit 6 & 7), 内蒙公司通辽电投发电公司2×350兆瓦智慧热电联产机组项目 (Unit 8 & 9)",cogen_conventional_steam_coal,190,2,0,0,0,1,0,0,0,0,0,0,0,0,0,0,350,1,350,0,1.78,117,13.7,9.0992,IME_Coal,0.6425,1,1,0.6,0.6,8,8,,,
IME,Tongliao power station Unit 9,国家电投内蒙能源通辽发电总厂,"通辽盛发热电 (Unit 6 & 7), 通辽发电总厂热电厂六期扩建工程项目 (Unit 6 & 7), 内蒙公司通辽电投发电公司2×350兆瓦智慧热电联产机组项目 (Unit 8 & 9)",cogen_conventional_steam_coal,191,2,0,0,0,1,0,0,0,0,0,0,0,0,0,0,350,1,350,0,1.78,117,13.7,9.0992,IME_Coal,0.6425,1,1,0.6,0.6,8,8,,,
IME,IME_conventional_hydroelectric,,,conventional_hydroelectric,192,2,0,0,0,0,0,0,0,1,0,1,0,0,1,0,320,1,320,320,0,0,0,0,None,0,1,1,1,1,0,0,,,
IME,IME_hydroelectric_pumped_storage,,,hydroelectric_pumped_storage,193,2,1,0,0,0,0,0,0,0,0,0,0,0,0,0,1200,1,1200,9600,0,0,0,0,None,0,0.8,0.8,1,1,0,0,,,
IME,IME_onshore_wind_turbine,,,onshore_wind_turbine,194,2,0,0,0,0,0,1,0,0,0,0,0,1,1,0,53374,1,53374,0,0,0,0,0,None,0,1,1,1,1,0,0,,,
IME,IME_solar_photovoltaic,,,solar_photovoltaic,195,2,0,1,0,0,0,0,0,0,0,0,0,1,1,0,21927,1,21927,0,0,0,0,0,None,0,1,1,1,1,0,0,,,
IME,IME_batteries,,,batteries,196,2,1,0,0,0,0,0,0,0,0,0,0,0,1,0,15000,1,15000,60000,0,0,0,0,None,0,0.95,0.95,1,1,0,0,,,
JL,Changchun Southeast power station Unit 1,国家电投吉电股份长春东南热电厂,长春热电五厂,cogen_conventional_steam_coal,197,3,0,0,0,1,0,0,0,0,0,0,0,0,0,0,350,1,350,0,1.78,117,13.7,9.2499,JL_Coal,0.6425,1,1,0.6,0.6,8,8,,,
JL,Changchun Southeast power station Unit 2,国家电投吉电股份长春东南热电厂,长春热电五厂,cogen_conventional_steam_coal,198,3,0,0,0,1,0,0,0,0,0,0,0,0,0,0,350,1,350,0,1.78,117,13.7,9.2499,JL_Coal,0.6425,1,1,0.6,0.6,8,8,,,
JL,Changchun-2 power station Unit 1,"大唐长春二热退城进郊2×660MW煤电项目, 大唐长春第二热电厂",,cogen_conventional_steam_coal,199,3,0,0,0,1,0,0,0,0,0,0,0,0,0,0,220,1,220,0,1.78,117,13.7,12.6179,JL_Coal,0.6425,1,1,0.6,0.6,8,8,,,
JL,Changchun-2 power station Unit 2,"大唐长春二热退城进郊2×660MW煤电项目, 大唐长春第二热电厂",,cogen_conventional_steam_coal,200,3,0,0,0,1,0,0,0,0,0,0,0,0,0,0,220,1,220,0,1.78,117,13.7,12.6179,JL_Coal,0.6425,1,1,0.6,0.6,8,8,,,
JL,Changchun-2 power station Unit 3,"大唐长春二热退城进郊2×660MW煤电项目, 大唐长春第二热电厂",,cogen_conventional_steam_coal,201,3,0,0,0,1,0,0,0,0,0,0,0,0,0,0,220,1,220,0,1.78,117,13.7,11.3126,JL_Coal,0.6425,1,1,0.6,0.6,8,8,,,
JL,Changchun-2 power station Unit 4,"大唐长春二热退城进郊2×660MW煤电项目, 大唐长春第二热电厂",,cogen_conventional_steam_coal,202,3,0,0,0,1,0,0,0,0,0,0,0,0,0,0,220,1,220,0,1.78,117,13.7,11.3126,JL_Coal,0.6425,1,1,0.6,0.6,8,8,,,
JL,Changchun-2 power station Unit 5,"大唐长春二热退城进郊2×660MW煤电项目, 大唐长春第二热电厂",,cogen_conventional_steam_coal,203,3,0,0,0,1,0,0,0,0,0,0,0,0,0,0,220,1,220,0,1.78,117,13.7,11.3126,JL_Coal,0.6425,1,1,0.6,0.6,8,8,,,
JL,Changchun-2 power station Unit 6,"大唐长春二热退城进郊2×660MW煤电项目, 大唐长春第二热电厂",,cogen_conventional_steam_coal,204,3,0,0,0,1,0,0,0,0,0,0,0,0,0,0,220,1,220,0,1.78,117,13.7,11.3126,JL_Coal,0.6425,1,1,0.6,0.6,8,8,,,
JL,Changchun-2 power station Unit R1,"大唐长春二热退城进郊2×660MW煤电项目, 大唐长春第二热电厂",,cogen_conventional_steam_coal,205,3,0,0,0,1,0,0,0,0,0,0,0,0,0,0,660,1,660,0,1.78,117,13.7,8.272,JL_Coal,0.6425,1,1,0.6,0.6,8,8,,,
JL,Changchun-2 power station Unit R2,"大唐长春二热退城进郊2×660MW煤电项目, 大唐长春第二热电厂",,cogen_conventional_steam_coal,206,3,0,0,0,1,0,0,0,0,0,0,0,0,0,0,660,1,660,0,1.78,117,13.7,8.272,JL_Coal,0.6425,1,1,0.6,0.6,8,8,,,
JL,Changchun-3 power station Unit 1,大唐长春第三热电厂,"大唐长春第三热电厂背压机组 (Unit 3, Unit 4)",cogen_conventional_steam_coal,207,3,0,0,0,1,0,0,0,0,0,0,0,0,0,0,300,1,300,0,1.78,117,13.7,10.4424,JL_Coal,0.6425,1,1,0.6,0.6,8,8,,,
JL,Changchun-3 power station Unit 2,大唐长春第三热电厂,"大唐长春第三热电厂背压机组 (Unit 3, Unit 4)",cogen_conventional_steam_coal,208,3,0,0,0,1,0,0,0,0,0,0,0,0,0,0,300,1,300,0,1.78,117,13.7,10.4424,JL_Coal,0.6425,1,1,0.6,0.6,8,8,,,
JL,Changchun-3 power station Unit 3,大唐长春第三热电厂,"大唐长春第三热电厂背压机组 (Unit 3, Unit 4)",cogen_conventional_steam_coal,209,3,0,0,0,1,0,0,0,0,0,0,0,0,0,0,80,1,80,0,1.78,117,13.7,10.4424,JL_Coal,0.6425,1,1,0.6,0.6,8,8,,,
JL,Changchun-3 power station Unit 4,大唐长春第三热电厂,"大唐长春第三热电厂背压机组 (Unit 3, Unit 4)",cogen_conventional_steam_coal,210,3,0,0,0,1,0,0,0,0,0,0,0,0,0,0,80,1,80,0,1.78,117,13.7,10.4424,JL_Coal,0.6425,1,1,0.6,0.6,8,8,,,
JL,Changshan power station Unit 10,大唐长山热电厂,吉能松原长山1×660MW超超临界燃煤发电项目 (Unit 11),cogen_conventional_steam_coal,211,3,0,0,0,1,0,0,0,0,0,0,0,0,0,0,660,1,660,0,1.78,117,13.7,9.2499,JL_Coal,0.6425,1,1,0.6,0.6,8,8,,,
JL,Changshan power station Unit 11,大唐长山热电厂,吉能松原长山1×660MW超超临界燃煤发电项目 (Unit 11),cogen_conventional_steam_coal,212,3,0,0,0,1,0,0,0,0,0,0,0,0,0,0,660,1,660,0,1.78,117,13.7,8.272,JL_Coal,0.6425,1,1,0.6,0.6,8,8,,,
JL,CPI Baicheng power station Phase I Unit 1,国家电投吉电股份白城发电厂,,cogen_conventional_steam_coal,213,3,0,0,0,1,0,0,0,0,0,0,0,0,0,0,660,1,660,0,1.78,117,13.7,9.2499,JL_Coal,0.6425,1,1,0.6,0.6,8,8,,,
JL,CPI Baicheng power station Phase I Unit 2,国家电投吉电股份白城发电厂,,cogen_conventional_steam_coal,214,3,0,0,0,1,0,0,0,0,0,0,0,0,0,0,660,1,660,0,1.78,117,13.7,9.2499,JL_Coal,0.6425,1,1,0.6,0.6,8,8,,,
JL,CPI Tonghua County Cogen power station Unit 1,国家电投吉电股份通化河口热电,,cogen_conventional_steam_coal,215,3,0,0,0,1,0,0,0,0,0,0,0,0,0,0,42,1,42,0,1.78,117,13.7,10.326,JL_Coal,0.6425,1,1,0.6,0.6,8,8,,,
JL,CPI Tonghua County Cogen power station Unit 2,国家电投吉电股份通化河口热电,,cogen_conventional_steam_coal,216,3,0,0,0,1,0,0,0,0,0,0,0,0,0,0,42,1,42,0,1.78,117,13.7,10.326,JL_Coal,0.6425,1,1,0.6,0.6,8,8,,,
JL,Dongfeng Cogen power station Unit 1,东丰县背压热电,,cogen_conventional_steam_coal,217,3,0,0,0,1,0,0,0,0,0,0,0,0,0,0,30,1,30,0,1.78,117,13.7,10.326,JL_Coal,0.6425,1,1,0.6,0.6,8,8,,,
JL,Dongfeng Cogen power station Unit 2,东丰县背压热电,,cogen_conventional_steam_coal,218,3,0,0,0,1,0,0,0,0,0,0,0,0,0,0,30,1,30,0,1.78,117,13.7,10.326,JL_Coal,0.6425,1,1,0.6,0.6,8,8,,,
JL,Dongfeng Cogen power station Unit 3,东丰县背压热电,,cogen_conventional_steam_coal,219,3,0,0,0,1,0,0,0,0,0,0,0,0,0,0,30,1,30,0,1.78,117,13.7,10.326,JL_Coal,0.6425,1,1,0.6,0.6,8,8,,,
JL,Erdaojiang power station Phase II Unit 1,国家电投吉电股份二道江发电厂,"通化热电 (Phase II Unit 1, Phase II Unit 2)",cogen_conventional_steam_coal,220,3,0,0,0,1,0,0,0,0,0,0,0,0,0,0,200,1,200,0,1.78,117,13.7,11.3126,JL_Coal,0.6425,1,1,0.6,0.6,8,8,,,
JL,Erdaojiang power station Phase II Unit 2,国家电投吉电股份二道江发电厂,"通化热电 (Phase II Unit 1, Phase II Unit 2)",cogen_conventional_steam_coal,221,3,0,0,0,1,0,0,0,0,0,0,0,0,0,0,200,1,200,0,1.78,117,13.7,11.3126,JL_Coal,0.6425,1,1,0.6,0.6,8,8,,,
JL,Erdaojiang power station Phase I Unit 2,国家电投吉电股份二道江发电厂,"通化热电 (Phase II Unit 1, Phase II Unit 2)",cogen_conventional_steam_coal,222,3,0,0,0,1,0,0,0,0,0,0,0,0,0,0,100,1,100,0,1.78,117,13.7,12.1828,JL_Coal,0.6425,1,1,0.6,0.6,8,8,,,
JL,Fanjiatun Kaixuan Cogen power station Unit 1,公主岭范家屯凯旋热电,,cogen_conventional_steam_coal,223,3,0,0,0,1,0,0,0,0,0,0,0,0,0,0,30,1,30,0,1.78,117,13.7,10.326,JL_Coal,0.6425,1,1,0.6,0.6,8,8,,,
JL,Fanjiatun Kaixuan Cogen power station Unit 2,公主岭范家屯凯旋热电,,cogen_conventional_steam_coal,224,3,0,0,0,1,0,0,0,0,0,0,0,0,0,0,30,1,30,0,1.78,117,13.7,10.326,JL_Coal,0.6425,1,1,0.6,0.6,8,8,,,
JL,Guodian Changchun power station Unit 3,国电吉林龙华长春热电一厂,"Longhua Changchun (Unit 1, Unit 2), Changchun-4 power station (Unit 3, Unit 4)",cogen_conventional_steam_coal,225,3,0,0,0,1,0,0,0,0,0,0,0,0,0,0,350,1,350,0,1.78,117,13.7,10.0908,JL_Coal,0.6425,1,1,0.6,0.6,8,8,,,
JL,Guodian Changchun power station Unit 4,国电吉林龙华长春热电一厂,"Longhua Changchun (Unit 1, Unit 2), Changchun-4 power station (Unit 3, Unit 4)",cogen_conventional_steam_coal,226,3,0,0,0,1,0,0,0,0,0,0,0,0,0,0,350,1,350,0,1.78,117,13.7,10.0908,JL_Coal,0.6425,1,1,0.6,0.6,8,8,,,
JL,Hongyuan Waste Coal Cogen power station Unit 1,舒兰宏源煤矸石热电,Kaibo Cogen power station,cogen_conventional_steam_coal,227,3,0,0,0,1,0,0,0,0,0,0,0,0,0,0,35,1,35,0,1.78,117,13.7,10.326,JL_Coal,0.6425,1,1,0.6,0.6,8,8,,,
JL,Hongyuan Waste Coal Cogen power station Unit 2,舒兰宏源煤矸石热电,Kaibo Cogen power station,cogen_conventional_steam_coal,228,3,0,0,0,1,0,0,0,0,0,0,0,0,0,0,35,1,35,0,1.78,117,13.7,10.326,JL_Coal,0.6425,1,1,0.6,0.6,8,8,,,
JL,Huaneng Changchun power station Unit 1,华能长春热电厂,,cogen_conventional_steam_coal,229,3,0,0,0,1,0,0,0,0,0,0,0,0,0,0,350,1,350,0,1.78,117,13.7,10.0908,JL_Coal,0.6425,1,1,0.6,0.6,8,8,,,
JL,Huaneng Changchun power station Unit 2,华能长春热电厂,,cogen_conventional_steam_coal,230,3,0,0,0,1,0,0,0,0,0,0,0,0,0,0,350,1,350,0,1.78,117,13.7,10.0908,JL_Coal,0.6425,1,1,0.6,0.6,8,8,,,
JL,Huaneng Songyuan Cogen power station Unit 1,华能松原热电厂,"中石油吉林油田热电厂, CNPC Jilin power station",cogen_conventional_steam_coal,231,3,0,0,0,1,0,0,0,0,0,0,0,0,0,0,50,1,50,0,1.78,117,13.7,12.1828,JL_Coal,0.6425,1,1,0.6,0.6,8,8,,,
JL,Huaneng Songyuan Cogen power station Unit 2,华能松原热电厂,"中石油吉林油田热电厂, CNPC Jilin power station",cogen_conventional_steam_coal,232,3,0,0,0,1,0,0,0,0,0,0,0,0,0,0,50,1,50,0,1.78,117,13.7,12.1828,JL_Coal,0.6425,1,1,0.6,0.6,8,8,,,
JL,Huaneng Songyuan Cogen power station Unit 3,华能松原热电厂,"中石油吉林油田热电厂, CNPC Jilin power station",cogen_conventional_steam_coal,233,3,0,0,0,1,0,0,0,0,0,0,0,0,0,0,50,1,50,0,1.78,117,13.7,11.3126,JL_Coal,0.6425,1,1,0.6,0.6,8,8,,,
JL,Hunchun power station Phase II Unit 3,大唐珲春发电厂,Datang Huichun power station,cogen_conventional_steam_coal,234,3,0,0,0,1,0,0,0,0,0,0,0,0,0,0,330,1,330,0,1.78,117,13.7,10.4424,JL_Coal,0.6425,1,1,0.6,0.6,8,8,,,
JL,Hunchun power station Phase II Unit 4,大唐珲春发电厂,Datang Huichun power station,cogen_conventional_steam_coal,235,3,0,0,0,1,0,0,0,0,0,0,0,0,0,0,330,1,330,0,1.78,117,13.7,10.4424,JL_Coal,0.6425,1,1,0.6,0.6,8,8,,,
JL,Hunjiang power station Phase II Unit 1,国家电投吉电股份浑江发电厂,"国家电投白山热电 (Phase II Unit 1, Phase II Unit 2)",cogen_conventional_steam_coal,236,3,0,0,0,1,0,0,0,0,0,0,0,0,0,0,300,1,300,0,1.78,117,13.7,10.4424,JL_Coal,0.6425,1,1,0.6,0.6,8,8,,,
JL,Hunjiang power station Phase II Unit 2,国家电投吉电股份浑江发电厂,"国家电投白山热电 (Phase II Unit 1, Phase II Unit 2)",cogen_conventional_steam_coal,237,3,0,0,0,1,0,0,0,0,0,0,0,0,0,0,300,1,300,0,1.78,117,13.7,10.4424,JL_Coal,0.6425,1,1,0.6,0.6,8,8,,,
JL,Jilin cogen power station Unit 12,国电吉林热电厂,"国能吉林热电厂“等容量替换”2×350MW热电联产项目, Jilin Longtan power station, Jilin power station, 吉林龙潭热电厂",cogen_conventional_steam_coal,238,3,0,0,0,1,0,0,0,0,0,0,0,0,0,0,350,1,350,0,1.78,117,13.7,9.2499,JL_Coal,0.6425,1,1,0.6,0.6,8,8,,,
JL,Jilin cogen power station Unit 13,国电吉林热电厂,"国能吉林热电厂“等容量替换”2×350MW热电联产项目, Jilin Longtan power station, Jilin power station, 吉林龙潭热电厂",cogen_conventional_steam_coal,239,3,0,0,0,1,0,0,0,0,0,0,0,0,0,0,350,1,350,0,1.78,117,13.7,9.2499,JL_Coal,0.6425,1,1,0.6,0.6,8,8,,,
JL,Jilin Dongfang power station New Unit 1,吉林市东方电力公司整体搬迁新建发电厂,Jilin Dongguan power station relocation project 东关热电厂,cogen_conventional_steam_coal,240,3,0,0,0,1,0,0,0,0,0,0,0,0,0,0,50,1,50,0,1.78,117,13.7,10.4424,JL_Coal,0.6425,1,1,0.6,0.6,8,8,,,
JL,Jilin Dongfang power station New Unit 2,吉林市东方电力公司整体搬迁新建发电厂,Jilin Dongguan power station relocation project 东关热电厂,cogen_conventional_steam_coal,241,3,0,0,0,1,0,0,0,0,0,0,0,0,0,0,50,1,50,0,1.78,117,13.7,10.4424,JL_Coal,0.6425,1,1,0.6,0.6,8,8,,,
JL,Jilin Dongfang power station New Unit 3,吉林市东方电力公司整体搬迁新建发电厂,Jilin Dongguan power station relocation project 东关热电厂,cogen_conventional_steam_coal,242,3,0,0,0,1,0,0,0,0,0,0,0,0,0,0,50,1,50,0,1.78,117,13.7,10.4424,JL_Coal,0.6425,1,1,0.6,0.6,8,8,,,
JL,Jilin Dongguan power station Unit 1,吉林市东关热电厂,亿斯特能源公司,cogen_conventional_steam_coal,243,3,0,0,0,1,0,0,0,0,0,0,0,0,0,0,50,1,50,0,1.78,117,13.7,12.1828,JL_Coal,0.6425,1,1,0.6,0.6,8,8,,,
JL,Jilin Ethanol power station Unit 3,中石油吉林乙烯发电厂,动力二厂,conventional_steam_coal,244,3,0,0,0,1,0,0,0,0,0,0,0,0,0,0,31,1,31,0,1.78,117,13.7,12.1828,JL_Coal,0.6425,1,1,0.6,0.6,8,8,,,
JL,Jilin Jiangnan power station Phase I Unit 1,国电吉林江南热电厂,,cogen_conventional_steam_coal,245,3,0,0,0,1,0,0,0,0,0,0,0,0,0,0,330,1,330,0,1.78,117,13.7,10.4424,JL_Coal,0.6425,1,1,0.6,0.6,8,8,,,
JL,Jilin Jiangnan power station Phase I Unit 2,国电吉林江南热电厂,,cogen_conventional_steam_coal,246,3,0,0,0,1,0,0,0,0,0,0,0,0,0,0,330,1,330,0,1.78,117,13.7,10.4424,JL_Coal,0.6425,1,1,0.6,0.6,8,8,,,
JL,Jilin Yuanyuan Cogen power station Unit 7,吉林市源源热电,"吉林市西关热电厂 (Unit 8, Unit 9)",cogen_conventional_steam_coal,247,3,0,0,0,1,0,0,0,0,0,0,0,0,0,0,30,1,30,0,1.78,117,13.7,10.4424,JL_Coal,0.6425,1,1,0.6,0.6,8,8,,,
JL,Jiutai power station Unit 1,华能九台发电厂,,cogen_conventional_steam_coal,248,3,0,0,0,1,0,0,0,0,0,0,0,0,0,0,670,1,670,0,1.78,117,13.7,9.2499,JL_Coal,0.6425,1,1,0.6,0.6,8,8,,,
JL,Jiutai power station Unit 2,华能九台发电厂,,cogen_conventional_steam_coal,249,3,0,0,0,1,0,0,0,0,0,0,0,0,0,0,670,1,670,0,1.78,117,13.7,9.2499,JL_Coal,0.6425,1,1,0.6,0.6,8,8,,,
JL,Liaoyuan Datang power station Unit 3,大唐辽源发电厂,,cogen_conventional_steam_coal,250,3,0,0,0,1,0,0,0,0,0,0,0,0,0,0,330,1,330,0,1.78,117,13.7,10.4424,JL_Coal,0.6425,1,1,0.6,0.6,8,8,,,
JL,Liaoyuan Datang power station Unit 4,大唐辽源发电厂,,cogen_conventional_steam_coal,251,3,0,0,0,1,0,0,0,0,0,0,0,0,0,0,330,1,330,0,1.78,117,13.7,10.4424,JL_Coal,0.6425,1,1,0.6,0.6,8,8,,,
JL,Longhua Baicheng power station Unit 1,"国能吉林白城热电厂扩建4×660MW常规＋1×660MW新一代煤电项目, 国电吉林龙华白城热电厂",,cogen_conventional_steam_coal,252,3,0,0,0,1,0,0,0,0,0,0,0,0,0,0,200,1,200,0,1.78,117,13.7,11.3126,JL_Coal,0.6425,1,1,0.6,0.6,8,8,,,
JL,Longhua Baicheng power station Unit 2,"国能吉林白城热电厂扩建4×660MW常规＋1×660MW新一代煤电项目, 国电吉林龙华白城热电厂",,cogen_conventional_steam_coal,253,3,0,0,0,1,0,0,0,0,0,0,0,0,0,0,200,1,200,0,1.78,117,13.7,11.3126,JL_Coal,0.6425,1,1,0.6,0.6,8,8,,,
JL,Longhua Baicheng power station Unit 3,"国能吉林白城热电厂扩建4×660MW常规＋1×660MW新一代煤电项目, 国电吉林龙华白城热电厂",,cogen_conventional_steam_coal,254,3,0,0,0,1,0,0,0,0,0,0,0,0,0,0,660,1,660,0,1.78,117,13.7,8.605,JL_Coal,0.6425,1,1,0.6,0.6,8,8,,,
JL,Longhua Baicheng power station Unit 4,"国能吉林白城热电厂扩建4×660MW常规＋1×660MW新一代煤电项目, 国电吉林龙华白城热电厂",,cogen_conventional_steam_coal,255,3,0,0,0,1,0,0,0,0,0,0,0,0,0,0,660,1,660,0,1.78,117,13.7,8.605,JL_Coal,0.6425,1,1,0.6,0.6,8,8,,,
JL,Longhua Baicheng power station Unit 5,"国能吉林白城热电厂扩建4×660MW常规＋1×660MW新一代煤电项目, 国电吉林龙华白城热电厂",,cogen_conventional_steam_coal,256,3,0,0,0,1,0,0,0,0,0,0,0,0,0,0,660,1,660,0,1.78,117,13.7,8.605,JL_Coal,0.6425,1,1,0.6,0.6,8,8,,,
JL,Longhua Baicheng power station Unit 6,"国能吉林白城热电厂扩建4×660MW常规＋1×660MW新一代煤电项目, 国电吉林龙华白城热电厂",,cogen_conventional_steam_coal,257,3,0,0,0,1,0,0,0,0,0,0,0,0,0,0,660,1,660,0,1.78,117,13.7,8.605,JL_Coal,0.6425,1,1,0.6,0.6,8,8,,,
JL,Longhua Baicheng power station Unit 7,"国能吉林白城热电厂扩建4×660MW常规＋1×660MW新一代煤电项目, 国电吉林龙华白城热电厂",,cogen_conventional_steam_coal,258,3,0,0,0,1,0,0,0,0,0,0,0,0,0,0,660,1,660,0,1.78,117,13.7,8.605,JL_Coal,0.6425,1,1,0.6,0.6,8,8,,,
JL,Longhua Yanji power station Phase I Unit 1,国电吉林龙华延吉热电厂,,cogen_conventional_steam_coal,259,3,0,0,0,1,0,0,0,0,0,0,0,0,0,0,200,1,200,0,1.78,117,13.7,11.3126,JL_Coal,0.6425,1,1,0.6,0.6,8,8,,,
JL,Longhua Yanji power station Phase I Unit 2,国电吉林龙华延吉热电厂,,cogen_conventional_steam_coal,260,3,0,0,0,1,0,0,0,0,0,0,0,0,0,0,200,1,200,0,1.78,117,13.7,11.3126,JL_Coal,0.6425,1,1,0.6,0.6,8,8,,,
JL,Longsheng Cogen power station New Unit 1,公主岭隆盛热电,,cogen_conventional_steam_coal,261,3,0,0,0,1,0,0,0,0,0,0,0,0,0,0,30,1,30,0,1.78,117,13.7,10.4424,JL_Coal,0.6425,1,1,0.6,0.6,8,8,,,
JL,Longsheng Cogen power station New Unit 2,公主岭隆盛热电,,cogen_conventional_steam_coal,262,3,0,0,0,1,0,0,0,0,0,0,0,0,0,0,30,1,30,0,1.78,117,13.7,10.4424,JL_Coal,0.6425,1,1,0.6,0.6,8,8,,,
JL,Shuangliao power station Phase III Unit 6,国能双辽发电厂,Shuangliao West power station,conventional_steam_coal,263,3,0,0,0,1,0,0,0,0,0,0,0,0,0,0,660,1,660,0,1.78,117,13.7,8.272,JL_Coal,0.6425,1,1,0.6,0.6,8,8,,,
JL,Shuangliao power station Phase II Unit 5,国能双辽发电厂,Shuangliao West power station,conventional_steam_coal,264,3,0,0,0,1,0,0,0,0,0,0,0,0,0,0,660,1,660,0,1.78,117,13.7,9.2499,JL_Coal,0.6425,1,1,0.6,0.6,8,8,,,
JL,Shuangliao power station Phase I Unit 1,国能双辽发电厂,Shuangliao West power station,cogen_conventional_steam_coal,265,3,0,0,0,1,0,0,0,0,0,0,0,0,0,0,350,1,350,0,1.78,117,13.7,11.7477,JL_Coal,0.6425,1,1,0.6,0.6,8,8,,,
JL,Shuangliao power station Phase I Unit 2,国能双辽发电厂,Shuangliao West power station,conventional_steam_coal,266,3,0,0,0,1,0,0,0,0,0,0,0,0,0,0,350,1,350,0,1.78,117,13.7,11.3126,JL_Coal,0.6425,1,1,0.6,0.6,8,8,,,
JL,Shuangliao power station Phase I Unit 3,国能双辽发电厂,Shuangliao West power station,cogen_conventional_steam_coal,267,3,0,0,0,1,0,0,0,0,0,0,0,0,0,0,350,1,350,0,1.78,117,13.7,11.3126,JL_Coal,0.6425,1,1,0.6,0.6,8,8,,,
JL,Shuangliao power station Phase I Unit 4,国能双辽发电厂,Shuangliao West power station,cogen_conventional_steam_coal,268,3,0,0,0,1,0,0,0,0,0,0,0,0,0,0,350,1,350,0,1.78,117,13.7,11.3126,JL_Coal,0.6425,1,1,0.6,0.6,8,8,,,
JL,Siping Industrial Zone cogen power station Unit 1,四平新型工业化经济开发区热电联产项目,四平梨树新天龙实业股份有限公司热电联产项目,cogen_conventional_steam_coal,269,3,0,0,0,1,0,0,0,0,0,0,0,0,0,0,50,1,50,0,1.78,117,13.7,10.326,JL_Coal,0.6425,1,1,0.6,0.6,8,8,,,
JL,Siping Industrial Zone cogen power station Unit 2,四平新型工业化经济开发区热电联产项目,四平梨树新天龙实业股份有限公司热电联产项目,cogen_conventional_steam_coal,270,3,0,0,0,1,0,0,0,0,0,0,0,0,0,0,50,1,50,0,1.78,117,13.7,10.326,JL_Coal,0.6425,1,1,0.6,0.6,8,8,,,
JL,Siping power station Phase II Unit 4,"国家电投吉电股份四平热电厂, 吉电股份-四平第一热电公司","吉长电力 (Phase II Unit 4, Phase II Unit 5 (Replacement))",cogen_conventional_steam_coal,271,3,0,0,0,1,0,0,0,0,0,0,0,0,0,0,350,1,350,0,1.78,117,13.7,10.4424,JL_Coal,0.6425,1,1,0.6,0.6,8,8,,,
JL,Siping power station Phase II Unit 5 (Replacement),"国家电投吉电股份四平热电厂, 吉电股份-四平第一热电公司","吉长电力 (Phase II Unit 4, Phase II Unit 5 (Replacement))",cogen_conventional_steam_coal,272,3,0,0,0,1,0,0,0,0,0,0,0,0,0,0,350,1,350,0,1.78,117,13.7,9.5722,JL_Coal,0.6425,1,1,0.6,0.6,8,8,,,
JL,Songhuajiang power station Unit 4,国家电投吉电股份松花江热电,,cogen_conventional_steam_coal,273,3,0,0,0,1,0,0,0,0,0,0,0,0,0,0,350,1,350,0,1.78,117,13.7,10.4424,JL_Coal,0.6425,1,1,0.6,0.6,8,8,,,
JL,Songhuajiang power station Unit 5,国家电投吉电股份松花江热电,,cogen_conventional_steam_coal,274,3,0,0,0,1,0,0,0,0,0,0,0,0,0,0,50,1,50,0,1.78,117,13.7,11.3126,JL_Coal,0.6425,1,1,0.6,0.6,8,8,,,
JL,Songhuajiang power station Unit 6,国家电投吉电股份松花江热电,,cogen_conventional_steam_coal,275,3,0,0,0,1,0,0,0,0,0,0,0,0,0,0,40,1,40,0,1.78,117,13.7,11.3126,JL_Coal,0.6425,1,1,0.6,0.6,8,8,,,
JL,Songhuajiang power station Unit 7,国家电投吉电股份松花江热电,,cogen_conventional_steam_coal,276,3,0,0,0,1,0,0,0,0,0,0,0,0,0,0,40,1,40,0,1.78,117,13.7,11.3126,JL_Coal,0.6425,1,1,0.6,0.6,8,8,,,
JL,Taolaizhao Public cogen power station Unit 1,陶赖昭公用热电厂,松原市陶赖眧工业园区公用燃煤背压机组热电联产项目,cogen_conventional_steam_coal,277,3,0,0,0,1,0,0,0,0,0,0,0,0,0,0,45,1,45,0,1.78,117,13.7,10.326,JL_Coal,0.6425,1,1,0.6,0.6,8,8,,,
JL,Taolaizhao Public cogen power station Unit 2,陶赖昭公用热电厂,松原市陶赖眧工业园区公用燃煤背压机组热电联产项目,cogen_conventional_steam_coal,278,3,0,0,0,1,0,0,0,0,0,0,0,0,0,0,45,1,45,0,1.78,117,13.7,10.326,JL_Coal,0.6425,1,1,0.6,0.6,8,8,,,
JL,Yuguang Daling Cogen power station Unit 1,吉林宇光大岭热电,,cogen_conventional_steam_coal,279,3,0,0,0,1,0,0,0,0,0,0,0,0,0,0,50,1,50,0,1.78,117,13.7,10.4424,JL_Coal,0.6425,1,1,0.6,0.6,8,8,,,
JL,Yuguang Daling Cogen power station Unit 2,吉林宇光大岭热电,,cogen_conventional_steam_coal,280,3,0,0,0,1,0,0,0,0,0,0,0,0,0,0,50,1,50,0,1.78,117,13.7,10.4424,JL_Coal,0.6425,1,1,0.6,0.6,8,8,,,
JL,JL_conventional_hydroelectric,,,conventional_hydroelectric,281,3,0,0,0,0,0,0,0,1,0,1,0,0,1,0,4780,1,4780,4780,0,0,0,0,None,0,1,1,1,1,0,0,,,
JL,JL_hydroelectric_pumped_storage,,,hydroelectric_pumped_storage,282,3,1,0,0,0,0,0,0,0,0,0,0,0,0,0,5300,1,2900,23200,0,0,0,0,None,0,0.8,0.8,1,1,0,0,,,
JL,JL_onshore_wind_turbine,,,onshore_wind_turbine,283,3,0,0,0,0,0,1,0,0,0,0,0,1,1,0,45000,1,45000,0,0,0,0,0,None,0,1,1,1,1,0,0,,,
JL,JL_solar_photovoltaic,,,solar_photovoltaic,284,3,0,1,0,0,0,0,0,0,0,0,0,1,1,0,15000,1,15000,0,0,0,0,0,None,0,1,1,1,1,0,0,,,
JL,JL_batteries,,,batteries,285,3,1,0,0,0,0,0,0,0,0,0,0,0,1,0,2500,1,2500,10000,0,0,0,0,None,0,0.95,0.95,1,1,0,0,,,
LN,Anshan Steel Company No 2 power station Unit 3,鞍钢第二发电厂,,cogen_conventional_steam_coal,286,4,0,0,0,1,0,0,0,0,0,0,0,0,0,0,125,1,125,0,1.78,117,13.7,12.6179,LN_Coal,0.6425,1,1,0.6,0.6,8,8,,,
LN,Benxi Cogen power station Unit 1,国家电投本溪热电,,cogen_conventional_steam_coal,287,4,0,0,0,1,0,0,0,0,0,0,0,0,0,0,350,1,350,0,1.78,117,13.7,9.2499,LN_Coal,0.6425,1,1,0.6,0.6,8,8,,,
LN,Benxi Cogen power station Unit 2,国家电投本溪热电,,cogen_conventional_steam_coal,288,4,0,0,0,1,0,0,0,0,0,0,0,0,0,0,350,1,350,0,1.78,117,13.7,9.2499,LN_Coal,0.6425,1,1,0.6,0.6,8,8,,,
LN,Benxi Steel & Iron power station Unit 10,本钢板材股份发电厂,,conventional_steam_coal,289,4,0,0,0,1,0,0,0,0,0,0,0,0,0,0,50,1,50,0,1.78,117,13.7,10.0908,LN_Coal,0.6425,1,1,0.6,0.6,8,8,,,
LN,Benxi Steel & Iron power station Unit 11,本钢板材股份发电厂,,conventional_steam_coal,290,4,0,0,0,1,0,0,0,0,0,0,0,0,0,0,50,1,50,0,1.78,117,13.7,10.0908,LN_Coal,0.6425,1,1,0.6,0.6,8,8,,,
LN,Benxi Steel & Iron power station Unit 12,本钢板材股份发电厂,,conventional_steam_coal,291,4,0,0,0,1,0,0,0,0,0,0,0,0,0,0,50,1,50,0,1.78,117,13.7,10.0908,LN_Coal,0.6425,1,1,0.6,0.6,8,8,,,
LN,Benxi Steel & Iron power station Unit 9,本钢板材股份发电厂,,conventional_steam_coal,292,4,0,0,0,1,0,0,0,0,0,0,0,0,0,0,50,1,50,0,1.78,117,13.7,10.0908,LN_Coal,0.6425,1,1,0.6,0.6,8,8,,,
LN,Changxing Island Hengli Petrochemical power station Unit 1,长兴岛恒力石化热电厂,,cogen_conventional_steam_coal,293,4,0,0,0,1,0,0,0,0,0,0,0,0,0,0,60,1,60,0,1.78,117,13.7,11.3126,LN_Coal,0.6425,1,1,0.6,0.6,8,8,,,
LN,Changxing Island Hengli Petrochemical power station Unit 2,长兴岛恒力石化热电厂,,cogen_conventional_steam_coal,294,4,0,0,0,1,0,0,0,0,0,0,0,0,0,0,60,1,60,0,1.78,117,13.7,11.3126,LN_Coal,0.6425,1,1,0.6,0.6,8,8,,,
LN,Chaoyang GDP power station Unit 3,国电电力朝阳热电,,cogen_conventional_steam_coal,295,4,0,0,0,1,0,0,0,0,0,0,0,0,0,0,350,1,350,0,1.78,117,13.7,9.2499,LN_Coal,0.6425,1,1,0.6,0.6,8,8,,,
LN,Chaoyang GDP power station Unit 4,国电电力朝阳热电,,cogen_conventional_steam_coal,296,4,0,0,0,1,0,0,0,0,0,0,0,0,0,0,350,1,350,0,1.78,117,13.7,9.2499,LN_Coal,0.6425,1,1,0.6,0.6,8,8,,,
LN,Chaoyang Yanshanhu power station Unit 1,国家电投朝阳燕山湖发电厂,Weishanhu Yanshanhu power station,cogen_conventional_steam_coal,297,4,0,0,0,1,0,0,0,0,0,0,0,0,0,0,600,1,600,0,1.78,117,13.7,9.2499,LN_Coal,0.6425,1,1,0.6,0.6,8,8,,,
LN,Chaoyang Yanshanhu power station Unit 2,国家电投朝阳燕山湖发电厂,Weishanhu Yanshanhu power station,cogen_conventional_steam_coal,298,4,0,0,0,1,0,0,0,0,0,0,0,0,0,0,600,1,600,0,1.78,117,13.7,9.2499,LN_Coal,0.6425,1,1,0.6,0.6,8,8,,,
LN,CNPC Fushun Petrochemical power station Unit 11,中石油抚顺石化热电厂,,cogen_conventional_steam_coal,299,4,0,0,0,1,0,0,0,0,0,0,0,0,0,0,100,1,100,0,1.78,117,13.7,11.3126,LN_Coal,0.6425,1,1,0.6,0.6,8,8,,,
LN,CNPC Fushun Petrochemical power station Unit 12,中石油抚顺石化热电厂,,cogen_conventional_steam_coal,300,4,0,0,0,1,0,0,0,0,0,0,0,0,0,0,100,1,100,0,1.78,117,13.7,11.3126,LN_Coal,0.6425,1,1,0.6,0.6,8,8,,,
LN,CNPC Fushun Petrochemical power station Unit 8,中石油抚顺石化热电厂,,cogen_conventional_steam_coal,301,4,0,0,0,1,0,0,0,0,0,0,0,0,0,0,50,1,50,0,1.78,117,13.7,12.1828,LN_Coal,0.6425,1,1,0.6,0.6,8,8,,,
LN,CNPC Fushun Petrochemical power station Unit 9,中石油抚顺石化热电厂,,cogen_conventional_steam_coal,302,4,0,0,0,1,0,0,0,0,0,0,0,0,0,0,60,1,60,0,1.78,117,13.7,12.1828,LN_Coal,0.6425,1,1,0.6,0.6,8,8,,,
LN,Dahua Dagushan power station Unit 2,大化集团大孤山自备热电厂,,cogen_conventional_steam_coal,303,4,0,0,0,1,0,0,0,0,0,0,0,0,0,0,60,1,60,0,1.78,117,13.7,11.1865,LN_Coal,0.6425,1,1,0.6,0.6,8,8,,,
LN,Dahua Dagushan power station Unit 3,大化集团大孤山自备热电厂,,cogen_conventional_steam_coal,304,4,0,0,0,1,0,0,0,0,0,0,0,0,0,0,60,1,60,0,1.78,117,13.7,11.1865,LN_Coal,0.6425,1,1,0.6,0.6,8,8,,,
LN,Dalian ETDC power station Phase III Unit 5,国电电力大连开发区热电厂,,cogen_conventional_steam_coal,305,4,0,0,0,1,0,0,0,0,0,0,0,0,0,0,350,1,350,0,1.78,117,13.7,10.0908,LN_Coal,0.6425,1,1,0.6,0.6,8,8,,,
LN,Dalian ETDC power station Phase III Unit 6,国电电力大连开发区热电厂,,cogen_conventional_steam_coal,306,4,0,0,0,1,0,0,0,0,0,0,0,0,0,0,350,1,350,0,1.78,117,13.7,10.0908,LN_Coal,0.6425,1,1,0.6,0.6,8,8,,,
LN,Dalian Ganjingzi power station Unit 1,国家电投大连发电公司甘井子热电厂,,cogen_conventional_steam_coal,307,4,0,0,0,1,0,0,0,0,0,0,0,0,0,0,300,1,300,0,1.78,117,13.7,10.4424,LN_Coal,0.6425,1,1,0.6,0.6,8,8,,,
LN,Dalian Ganjingzi power station Unit 2,国家电投大连发电公司甘井子热电厂,,cogen_conventional_steam_coal,308,4,0,0,0,1,0,0,0,0,0,0,0,0,0,0,300,1,300,0,1.78,117,13.7,10.4424,LN_Coal,0.6425,1,1,0.6,0.6,8,8,,,
LN,Dalian Heung Hoi power station Unit 3,大连热电集团北海热电厂,Dalian Hong Sea power station,cogen_conventional_steam_coal,309,4,0,0,0,1,0,0,0,0,0,0,0,0,0,0,50,1,50,0,1.78,117,13.7,12.6179,LN_Coal,0.6425,1,1,0.6,0.6,8,8,,,
LN,Dalian Taishan power station Unit 1,国家电投大连泰山热电厂,,cogen_conventional_steam_coal,310,4,0,0,0,1,0,0,0,0,0,0,0,0,0,0,135,1,135,0,1.78,117,13.7,11.3126,LN_Coal,0.6425,1,1,0.6,0.6,8,8,,,
LN,Dalian Taishan power station Unit 2,国家电投大连泰山热电厂,,cogen_conventional_steam_coal,311,4,0,0,0,1,0,0,0,0,0,0,0,0,0,0,135,1,135,0,1.78,117,13.7,11.3126,LN_Coal,0.6425,1,1,0.6,0.6,8,8,,,
LN,Dalian Xizhongdao power station Unit 1,大连西中岛热电水联产发电站,长兴岛热电水联产,cogen_conventional_steam_coal,312,4,0,0,0,1,0,0,0,0,0,0,0,0,0,0,50,1,50,0,1.78,117,13.7,10.326,LN_Coal,0.6425,1,1,0.6,0.6,8,8,,,
LN,Dalian Xizhongdao power station Unit 2,大连西中岛热电水联产发电站,长兴岛热电水联产,cogen_conventional_steam_coal,313,4,0,0,0,1,0,0,0,0,0,0,0,0,0,0,50,1,50,0,1.78,117,13.7,10.326,LN_Coal,0.6425,1,1,0.6,0.6,8,8,,,
LN,Dalian Xizhongdao power station Unit 3,大连西中岛热电水联产发电站,长兴岛热电水联产,cogen_conventional_steam_coal,314,4,0,0,0,1,0,0,0,0,0,0,0,0,0,0,50,1,50,0,1.78,117,13.7,10.326,LN_Coal,0.6425,1,1,0.6,0.6,8,8,,,
LN,Dandong Jinshan power station Unit 1,华电丹东金山热电厂,,cogen_conventional_steam_coal,315,4,0,0,0,1,0,0,0,0,0,0,0,0,0,0,300,1,300,0,1.78,117,13.7,10.4424,LN_Coal,0.6425,1,1,0.6,0.6,8,8,,,
LN,Dandong Jinshan power station Unit 2,华电丹东金山热电厂,,cogen_conventional_steam_coal,316,4,0,0,0,1,0,0,0,0,0,0,0,0,0,0,300,1,300,0,1.78,117,13.7,10.4424,LN_Coal,0.6425,1,1,0.6,0.6,8,8,,,
LN,Dandong power station Unit 1,华能丹东发电厂,,cogen_conventional_steam_coal,317,4,0,0,0,1,0,0,0,0,0,0,0,0,0,0,350,1,350,0,1.78,117,13.7,11.3126,LN_Coal,0.6425,1,1,0.6,0.6,8,8,,,
LN,Dandong power station Unit 2,华能丹东发电厂,,cogen_conventional_steam_coal,318,4,0,0,0,1,0,0,0,0,0,0,0,0,0,0,350,1,350,0,1.78,117,13.7,11.3126,LN_Coal,0.6425,1,1,0.6,0.6,8,8,,,
LN,Dangtang Shendong power station Unit 1,大唐国际沈东热电厂,大唐国际沈抚连接带热电厂,cogen_conventional_steam_coal,319,4,0,0,0,1,0,0,0,0,0,0,0,0,0,0,350,1,350,0,1.78,117,13.7,9.2499,LN_Coal,0.6425,1,1,0.6,0.6,8,8,,,
LN,Dangtang Shendong power station Unit 2,大唐国际沈东热电厂,大唐国际沈抚连接带热电厂,cogen_conventional_steam_coal,320,4,0,0,0,1,0,0,0,0,0,0,0,0,0,0,350,1,350,0,1.78,117,13.7,9.2499,LN_Coal,0.6425,1,1,0.6,0.6,8,8,,,
LN,Diaobingshan power station Unit 1,辽宁能源投资调兵山煤矸石发电厂,,cogen_conventional_steam_coal,321,4,0,0,0,1,0,0,0,0,0,0,0,0,0,0,300,1,300,0,1.78,117,13.7,10.4424,LN_Coal,0.6425,1,1,0.6,0.6,8,8,,,
LN,Diaobingshan power station Unit 2,辽宁能源投资调兵山煤矸石发电厂,,cogen_conventional_steam_coal,322,4,0,0,0,1,0,0,0,0,0,0,0,0,0,0,300,1,300,0,1.78,117,13.7,10.4424,LN_Coal,0.6425,1,1,0.6,0.6,8,8,,,
LN,Fushun CPI power station Unit 3,国家电投抚顺发电厂,,cogen_conventional_steam_coal,323,4,0,0,0,1,0,0,0,0,0,0,0,0,0,0,300,1,300,0,1.78,117,13.7,10.4424,LN_Coal,0.6425,1,1,0.6,0.6,8,8,,,
LN,Fushun CPI power station Unit 4,国家电投抚顺发电厂,,cogen_conventional_steam_coal,324,4,0,0,0,1,0,0,0,0,0,0,0,0,0,0,300,1,300,0,1.78,117,13.7,10.4424,LN_Coal,0.6425,1,1,0.6,0.6,8,8,,,
LN,Fushun New Hi-Tech District cogen power station Phase II Unit 3,抚顺高新技术产业开发区热电联产工程,,cogen_conventional_steam_coal,325,4,0,0,0,1,0,0,0,0,0,0,0,0,0,0,50,1,50,0,1.78,117,13.7,10.326,LN_Coal,0.6425,1,1,0.6,0.6,8,8,,,
LN,Fushun New Hi-Tech District cogen power station Phase II Unit 4,抚顺高新技术产业开发区热电联产工程,,cogen_conventional_steam_coal,326,4,0,0,0,1,0,0,0,0,0,0,0,0,0,0,50,1,50,0,1.78,117,13.7,10.326,LN_Coal,0.6425,1,1,0.6,0.6,8,8,,,
LN,Fushun New Hi-Tech District cogen power station Phase I Unit 1,抚顺高新技术产业开发区热电联产工程,,cogen_conventional_steam_coal,327,4,0,0,0,1,0,0,0,0,0,0,0,0,0,0,40,1,40,0,1.78,117,13.7,10.326,LN_Coal,0.6425,1,1,0.6,0.6,8,8,,,
LN,Fushun New Hi-Tech District cogen power station Phase I Unit 2,抚顺高新技术产业开发区热电联产工程,,cogen_conventional_steam_coal,328,4,0,0,0,1,0,0,0,0,0,0,0,0,0,0,40,1,40,0,1.78,117,13.7,10.326,LN_Coal,0.6425,1,1,0.6,0.6,8,8,,,
LN,Fushun Zhongji power station Unit 1,抚顺矿业中机热电,抚顺热电新建项目（New Fushun Cogen Power Station）,cogen_conventional_steam_coal,329,4,0,0,0,1,0,0,0,0,0,0,0,0,0,0,300,1,300,0,1.78,117,13.7,9.5722,LN_Coal,0.6425,1,1,0.6,0.6,8,8,,,
LN,Fushun Zhongji power station Unit 2,抚顺矿业中机热电,抚顺热电新建项目（New Fushun Cogen Power Station）,cogen_conventional_steam_coal,330,4,0,0,0,1,0,0,0,0,0,0,0,0,0,0,300,1,300,0,1.78,117,13.7,9.5722,LN_Coal,0.6425,1,1,0.6,0.6,8,8,,,
LN,Fuxin Coal gasification power station Phase I Unit 1,大唐国际阜新煤制天然气公司动力岛,,conventional_steam_coal,331,4,0,0,0,1,0,0,0,0,0,0,0,0,0,0,50,1,50,0,1.78,117,13.7,10.4424,LN_Coal,0.6425,1,1,0.6,0.6,8,8,,,
LN,Fuxin Coal gasification power station Phase I Unit 2,大唐国际阜新煤制天然气公司动力岛,,conventional_steam_coal,332,4,0,0,0,1,0,0,0,0,0,0,0,0,0,0,50,1,50,0,1.78,117,13.7,10.4424,LN_Coal,0.6425,1,1,0.6,0.6,8,8,,,
LN,Fuxin Jinshan power station Unit 1,华电金山阜新煤矸石发电厂,阜新金山煤矸石热电有限公司煤矸石热电厂,cogen_conventional_steam_coal,333,4,0,0,0,1,0,0,0,0,0,0,0,0,0,0,150,1,150,0,1.78,117,13.7,11.3126,LN_Coal,0.6425,1,1,0.6,0.6,8,8,,,
LN,Fuxin Jinshan power station Unit 2,华电金山阜新煤矸石发电厂,阜新金山煤矸石热电有限公司煤矸石热电厂,cogen_conventional_steam_coal,334,4,0,0,0,1,0,0,0,0,0,0,0,0,0,0,150,1,150,0,1.78,117,13.7,11.3126,LN_Coal,0.6425,1,1,0.6,0.6,8,8,,,
LN,Fuxin Jinshan power station Unit 3,华电金山阜新煤矸石发电厂,阜新金山煤矸石热电有限公司煤矸石热电厂,cogen_conventional_steam_coal,335,4,0,0,0,1,0,0,0,0,0,0,0,0,0,0,150,1,150,0,1.78,117,13.7,11.3126,LN_Coal,0.6425,1,1,0.6,0.6,8,8,,,
LN,Fuxin Jinshan power station Unit 4,华电金山阜新煤矸石发电厂,阜新金山煤矸石热电有限公司煤矸石热电厂,cogen_conventional_steam_coal,336,4,0,0,0,1,0,0,0,0,0,0,0,0,0,0,150,1,150,0,1.78,117,13.7,11.3126,LN_Coal,0.6425,1,1,0.6,0.6,8,8,,,
LN,Fuxin power station Unit 2-4,国家电投阜新发电厂,,cogen_conventional_steam_coal,337,4,0,0,0,1,0,0,0,0,0,0,0,0,0,0,200,1,200,0,1.78,117,13.7,12.1828,LN_Coal,0.6425,1,1,0.6,0.6,8,8,,,
LN,Fuxin power station Unit 2-5,国家电投阜新发电厂,,cogen_conventional_steam_coal,338,4,0,0,0,1,0,0,0,0,0,0,0,0,0,0,200,1,200,0,1.78,117,13.7,12.1828,LN_Coal,0.6425,1,1,0.6,0.6,8,8,,,
LN,Fuxin power station Unit 3-1,国家电投阜新发电厂,,conventional_steam_coal,339,4,0,0,0,1,0,0,0,0,0,0,0,0,0,0,350,1,350,0,1.78,117,13.7,10.4424,LN_Coal,0.6425,1,1,0.6,0.6,8,8,,,
LN,Fuxin power station Unit 3-2,国家电投阜新发电厂,,conventional_steam_coal,340,4,0,0,0,1,0,0,0,0,0,0,0,0,0,0,350,1,350,0,1.78,117,13.7,10.4424,LN_Coal,0.6425,1,1,0.6,0.6,8,8,,,
LN,Fuxin power station Unit 4-1,国家电投阜新发电厂,,cogen_conventional_steam_coal,341,4,0,0,0,1,0,0,0,0,0,0,0,0,0,0,350,1,350,0,1.78,117,13.7,9.2499,LN_Coal,0.6425,1,1,0.6,0.6,8,8,,,
LN,Fuxin power station Unit 4-2,国家电投阜新发电厂,,cogen_conventional_steam_coal,342,4,0,0,0,1,0,0,0,0,0,0,0,0,0,0,350,1,350,0,1.78,117,13.7,9.2499,LN_Coal,0.6425,1,1,0.6,0.6,8,8,,,
LN,Hongyang cogen power station Unit 1,辽宁能源控股集团红阳热电厂,,cogen_conventional_steam_coal,343,4,0,0,0,1,0,0,0,0,0,0,0,0,0,0,300,1,300,0,1.78,117,13.7,10.4424,LN_Coal,0.6425,1,1,0.6,0.6,8,8,,,
LN,Hongyang cogen power station Unit 2,辽宁能源控股集团红阳热电厂,,cogen_conventional_steam_coal,344,4,0,0,0,1,0,0,0,0,0,0,0,0,0,0,300,1,300,0,1.78,117,13.7,10.4424,LN_Coal,0.6425,1,1,0.6,0.6,8,8,,,
LN,Huaneng Dalian power station Phase II Unit 3,华能国际大连发电厂,,cogen_conventional_steam_coal,345,4,0,0,0,1,0,0,0,0,0,0,0,0,0,0,350,1,350,0,1.78,117,13.7,11.3126,LN_Coal,0.6425,1,1,0.6,0.6,8,8,,,
LN,Huaneng Dalian power station Phase II Unit 4,华能国际大连发电厂,,cogen_conventional_steam_coal,346,4,0,0,0,1,0,0,0,0,0,0,0,0,0,0,350,1,350,0,1.78,117,13.7,11.3126,LN_Coal,0.6425,1,1,0.6,0.6,8,8,,,
LN,Huaneng Dalian power station Phase I Unit 1,华能国际大连发电厂,,cogen_conventional_steam_coal,347,4,0,0,0,1,0,0,0,0,0,0,0,0,0,0,350,1,350,0,1.78,117,13.7,11.7477,LN_Coal,0.6425,1,1,0.6,0.6,8,8,,,
LN,Huaneng Dalian power station Phase I Unit 2,华能国际大连发电厂,,cogen_conventional_steam_coal,348,4,0,0,0,1,0,0,0,0,0,0,0,0,0,0,350,1,350,0,1.78,117,13.7,11.7477,LN_Coal,0.6425,1,1,0.6,0.6,8,8,,,
LN,Huaneng Dalian-2 power station Unit 1,华能大连第二热电厂,"大连开发区第二热电 (Unit 3, Unit 4), 华能大连热电 (Unit 3, Unit 4), 华能大连第二热电厂“上大压小”新建工程",cogen_conventional_steam_coal,349,4,0,0,0,1,0,0,0,0,0,0,0,0,0,0,50,1,50,0,1.78,117,13.7,10.4424,LN_Coal,0.6425,1,1,0.6,0.6,8,8,,,
LN,Huaneng Dalian-2 power station Unit 2,华能大连第二热电厂,"大连开发区第二热电 (Unit 3, Unit 4), 华能大连热电 (Unit 3, Unit 4), 华能大连第二热电厂“上大压小”新建工程",cogen_conventional_steam_coal,350,4,0,0,0,1,0,0,0,0,0,0,0,0,0,0,50,1,50,0,1.78,117,13.7,10.4424,LN_Coal,0.6425,1,1,0.6,0.6,8,8,,,
LN,Huaneng Dalian-2 power station Unit 3,华能大连第二热电厂,"大连开发区第二热电 (Unit 3, Unit 4), 华能大连热电 (Unit 3, Unit 4), 华能大连第二热电厂“上大压小”新建工程",cogen_conventional_steam_coal,351,4,0,0,0,1,0,0,0,0,0,0,0,0,0,0,350,1,350,0,1.78,117,13.7,9.2499,LN_Coal,0.6425,1,1,0.6,0.6,8,8,,,
LN,Huaneng Dalian-2 power station Unit 4,华能大连第二热电厂,"大连开发区第二热电 (Unit 3, Unit 4), 华能大连热电 (Unit 3, Unit 4), 华能大连第二热电厂“上大压小”新建工程",cogen_conventional_steam_coal,352,4,0,0,0,1,0,0,0,0,0,0,0,0,0,0,350,1,350,0,1.78,117,13.7,9.2499,LN_Coal,0.6425,1,1,0.6,0.6,8,8,,,
LN,Huaneng Yingkou cogen power station Phase II Unit 3,华能营口热电公司,Yingkou Coastal power station,cogen_conventional_steam_coal,353,4,0,0,0,1,0,0,0,0,0,0,0,0,0,0,350,1,350,0,1.78,117,13.7,9.2499,LN_Coal,0.6425,1,1,0.6,0.6,8,8,,,
LN,Huaneng Yingkou cogen power station Phase II Unit 4,华能营口热电公司,Yingkou Coastal power station,cogen_conventional_steam_coal,354,4,0,0,0,1,0,0,0,0,0,0,0,0,0,0,350,1,350,0,1.78,117,13.7,9.2499,LN_Coal,0.6425,1,1,0.6,0.6,8,8,,,
LN,Huaneng Yingkou cogen power station Unit 1,华能营口热电公司,Yingkou Coastal power station,cogen_conventional_steam_coal,355,4,0,0,0,1,0,0,0,0,0,0,0,0,0,0,350,1,350,0,1.78,117,13.7,10.4424,LN_Coal,0.6425,1,1,0.6,0.6,8,8,,,
LN,Huaneng Yingkou cogen power station Unit 2,华能营口热电公司,Yingkou Coastal power station,cogen_conventional_steam_coal,356,4,0,0,0,1,0,0,0,0,0,0,0,0,0,0,350,1,350,0,1.78,117,13.7,10.4424,LN_Coal,0.6425,1,1,0.6,0.6,8,8,,,
LN,Huludao power station Unit 1,大唐国际葫芦岛热电,,cogen_conventional_steam_coal,357,4,0,0,0,1,0,0,0,0,0,0,0,0,0,0,350,1,350,0,1.78,117,13.7,9.2499,LN_Coal,0.6425,1,1,0.6,0.6,8,8,,,
LN,Huludao power station Unit 2,大唐国际葫芦岛热电,,cogen_conventional_steam_coal,358,4,0,0,0,1,0,0,0,0,0,0,0,0,0,0,350,1,350,0,1.78,117,13.7,9.2499,LN_Coal,0.6425,1,1,0.6,0.6,8,8,,,
LN,Jinxi Refinery power station Unit 2,中石油锦西炼油厂发电厂,,cogen_conventional_steam_coal,359,4,0,0,0,1,0,0,0,0,0,0,0,0,0,0,50,1,50,0,1.78,117,13.7,12.1828,LN_Coal,0.6425,1,1,0.6,0.6,8,8,,,
LN,Jinxi Refinery power station Unit 3,中石油锦西炼油厂发电厂,,cogen_conventional_steam_coal,360,4,0,0,0,1,0,0,0,0,0,0,0,0,0,0,50,1,50,0,1.78,117,13.7,12.1828,LN_Coal,0.6425,1,1,0.6,0.6,8,8,,,
LN,Jinzhou CR power station Unit 7,华润电力锦州发电厂,,cogen_conventional_steam_coal,361,4,0,0,0,1,0,0,0,0,0,0,0,0,0,0,660,1,660,0,1.78,117,13.7,8.272,LN_Coal,0.6425,1,1,0.6,0.6,8,8,,,
LN,Jinzhou CR power station Unit 8,华润电力锦州发电厂,,cogen_conventional_steam_coal,362,4,0,0,0,1,0,0,0,0,0,0,0,0,0,0,660,1,660,0,1.78,117,13.7,8.272,LN_Coal,0.6425,1,1,0.6,0.6,8,8,,,
LN,Jinzhou Datang power station Unit 1,大唐国际锦州热电,,cogen_conventional_steam_coal,363,4,0,0,0,1,0,0,0,0,0,0,0,0,0,0,300,1,300,0,1.78,117,13.7,10.4424,LN_Coal,0.6425,1,1,0.6,0.6,8,8,,,
LN,Jinzhou Datang power station Unit 2,大唐国际锦州热电,,cogen_conventional_steam_coal,364,4,0,0,0,1,0,0,0,0,0,0,0,0,0,0,300,1,300,0,1.78,117,13.7,10.4424,LN_Coal,0.6425,1,1,0.6,0.6,8,8,,,
LN,Jinzhou Jingpeng cogen power station Unit 1,锦州滨海新区京鹏热电厂,,cogen_conventional_steam_coal,365,4,0,0,0,1,0,0,0,0,0,0,0,0,0,0,30,1,30,0,1.78,117,13.7,10.326,LN_Coal,0.6425,1,1,0.6,0.6,8,8,,,
LN,Jinzhou Jingpeng cogen power station Unit 2,锦州滨海新区京鹏热电厂,,cogen_conventional_steam_coal,366,4,0,0,0,1,0,0,0,0,0,0,0,0,0,0,30,1,30,0,1.78,117,13.7,10.326,LN_Coal,0.6425,1,1,0.6,0.6,8,8,,,
LN,Kangping power station Unit 1,国电康平发电厂,,cogen_conventional_steam_coal,367,4,0,0,0,1,0,0,0,0,0,0,0,0,0,0,600,1,600,0,1.78,117,13.7,9.2499,LN_Coal,0.6425,1,1,0.6,0.6,8,8,,,
LN,Kangping power station Unit 2,国电康平发电厂,,cogen_conventional_steam_coal,368,4,0,0,0,1,0,0,0,0,0,0,0,0,0,0,600,1,600,0,1.78,117,13.7,9.2499,LN_Coal,0.6425,1,1,0.6,0.6,8,8,,,
LN,Liaoning Nanpiao power station Phase II Unit 3,辽宁南票发电厂,,cogen_conventional_steam_coal,369,4,0,0,0,1,0,0,0,0,0,0,0,0,0,0,150,1,150,0,1.78,117,13.7,11.3126,LN_Coal,0.6425,1,1,0.6,0.6,8,8,,,
LN,Liaoning Nanpiao power station Phase II Unit 4,辽宁南票发电厂,,cogen_conventional_steam_coal,370,4,0,0,0,1,0,0,0,0,0,0,0,0,0,0,150,1,150,0,1.78,117,13.7,11.3126,LN_Coal,0.6425,1,1,0.6,0.6,8,8,,,
LN,Liaoning Nanpiao power station Phase I Unit 1,辽宁南票发电厂,,cogen_conventional_steam_coal,371,4,0,0,0,1,0,0,0,0,0,0,0,0,0,0,100,1,100,0,1.78,117,13.7,12.1828,LN_Coal,0.6425,1,1,0.6,0.6,8,8,,,
LN,Liaoning Nanpiao power station Phase I Unit 2,辽宁南票发电厂,,cogen_conventional_steam_coal,372,4,0,0,0,1,0,0,0,0,0,0,0,0,0,0,100,1,100,0,1.78,117,13.7,12.1828,LN_Coal,0.6425,1,1,0.6,0.6,8,8,,,
LN,Liaoning-3 power station Unit 1,国家电投辽宁发电厂三期,Liaoning Dongfang Power Station 辽宁东方发电厂,cogen_conventional_steam_coal,373,4,0,0,0,1,0,0,0,0,0,0,0,0,0,0,350,1,350,0,1.78,117,13.7,10.4424,LN_Coal,0.6425,1,1,0.6,0.6,8,8,,,
LN,Liaoning-3 power station Unit 2,国家电投辽宁发电厂三期,Liaoning Dongfang Power Station 辽宁东方发电厂,cogen_conventional_steam_coal,374,4,0,0,0,1,0,0,0,0,0,0,0,0,0,0,350,1,350,0,1.78,117,13.7,10.4424,LN_Coal,0.6425,1,1,0.6,0.6,8,8,,,
LN,Liaotung Chemical power station Unit 1,辽通化工发电厂,,conventional_steam_coal,375,4,0,0,0,1,0,0,0,0,0,0,0,0,0,0,30,1,30,0,1.78,117,13.7,11.3126,LN_Coal,0.6425,1,1,0.6,0.6,8,8,,,
LN,Liaotung Chemical power station Unit 2,辽通化工发电厂,,conventional_steam_coal,376,4,0,0,0,1,0,0,0,0,0,0,0,0,0,0,30,1,30,0,1.78,117,13.7,11.3126,LN_Coal,0.6425,1,1,0.6,0.6,8,8,,,
LN,Liaoyang Chemical power station Phase II Unit 5,辽阳石化热电厂,,cogen_conventional_steam_coal,377,4,0,0,0,1,0,0,0,0,0,0,0,0,0,0,50,1,50,0,1.78,117,13.7,12.1828,LN_Coal,0.6425,1,1,0.6,0.6,8,8,,,
LN,Liaoyang Chemical power station Phase II Unit 6,辽阳石化热电厂,,cogen_conventional_steam_coal,378,4,0,0,0,1,0,0,0,0,0,0,0,0,0,0,50,1,50,0,1.78,117,13.7,12.1828,LN_Coal,0.6425,1,1,0.6,0.6,8,8,,,
LN,Liaoyang Chemical power station Phase II Unit 7,辽阳石化热电厂,,cogen_conventional_steam_coal,379,4,0,0,0,1,0,0,0,0,0,0,0,0,0,0,50,1,50,0,1.78,117,13.7,12.1828,LN_Coal,0.6425,1,1,0.6,0.6,8,8,,,
LN,Liaoyang Chemical power station Phase II Unit 8,辽阳石化热电厂,,cogen_conventional_steam_coal,380,4,0,0,0,1,0,0,0,0,0,0,0,0,0,0,50,1,50,0,1.78,117,13.7,12.1828,LN_Coal,0.6425,1,1,0.6,0.6,8,8,,,
LN,Liaoyang Guocheng power station Unit 1,北方亚泰能源辽阳国成热电厂,辽阳芳烃基地热电厂,cogen_conventional_steam_coal,381,4,0,0,0,1,0,0,0,0,0,0,0,0,0,0,50,1,50,0,1.78,117,13.7,10.4424,LN_Coal,0.6425,1,1,0.6,0.6,8,8,,,
LN,Liaoyang Guocheng power station Unit 2,北方亚泰能源辽阳国成热电厂,辽阳芳烃基地热电厂,cogen_conventional_steam_coal,382,4,0,0,0,1,0,0,0,0,0,0,0,0,0,0,50,1,50,0,1.78,117,13.7,10.4424,LN_Coal,0.6425,1,1,0.6,0.6,8,8,,,
LN,Liaoyang Guocheng power station Unit 3,北方亚泰能源辽阳国成热电厂,辽阳芳烃基地热电厂,cogen_conventional_steam_coal,383,4,0,0,0,1,0,0,0,0,0,0,0,0,0,0,60,1,60,0,1.78,117,13.7,10.4424,LN_Coal,0.6425,1,1,0.6,0.6,8,8,,,
LN,Liaoyang Guocheng power station Unit 4,北方亚泰能源辽阳国成热电厂,辽阳芳烃基地热电厂,cogen_conventional_steam_coal,384,4,0,0,0,1,0,0,0,0,0,0,0,0,0,0,60,1,60,0,1.78,117,13.7,10.4424,LN_Coal,0.6425,1,1,0.6,0.6,8,8,,,
LN,Panjin Liaohe Futeng power station Unit 3,盘锦辽河富腾热电厂,,cogen_conventional_steam_coal,385,4,0,0,0,1,0,0,0,0,0,0,0,0,0,0,30,1,30,0,1.78,117,13.7,11.3126,LN_Coal,0.6425,1,1,0.6,0.6,8,8,,,
LN,Panjin Liaohe Futeng power station Unit 4,盘锦辽河富腾热电厂,,cogen_conventional_steam_coal,386,4,0,0,0,1,0,0,0,0,0,0,0,0,0,0,30,1,30,0,1.78,117,13.7,11.3126,LN_Coal,0.6425,1,1,0.6,0.6,8,8,,,
LN,Panjin Xinli power station Phase I Unit 1,华润电力盘锦热电厂,,cogen_conventional_steam_coal,387,4,0,0,0,1,0,0,0,0,0,0,0,0,0,0,350,1,350,0,1.78,117,13.7,10.0908,LN_Coal,0.6425,1,1,0.6,0.6,8,8,,,
LN,Panjin Xinli power station Phase I Unit 2,华润电力盘锦热电厂,,cogen_conventional_steam_coal,388,4,0,0,0,1,0,0,0,0,0,0,0,0,0,0,350,1,350,0,1.78,117,13.7,10.0908,LN_Coal,0.6425,1,1,0.6,0.6,8,8,,,
LN,Pulandian Cogen power station Unit 3,普兰店热电厂,大连国宏热电厂,cogen_conventional_steam_coal,389,4,0,0,0,1,0,0,0,0,0,0,0,0,0,0,350,1,350,0,1.78,117,13.7,9.2499,LN_Coal,0.6425,1,1,0.6,0.6,8,8,,,
LN,Pulandian Cogen power station Unit 4,普兰店热电厂,大连国宏热电厂,cogen_conventional_steam_coal,390,4,0,0,0,1,0,0,0,0,0,0,0,0,0,0,350,1,350,0,1.78,117,13.7,9.2499,LN_Coal,0.6425,1,1,0.6,0.6,8,8,,,
LN,Qinghe power station Phase VI Unit 8,国家电投辽宁清河发电厂,,conventional_steam_coal,391,4,0,0,0,1,0,0,0,0,0,0,0,0,0,0,200,1,200,0,1.78,117,13.7,12.6179,LN_Coal,0.6425,1,1,0.6,0.6,8,8,,,
LN,Qinghe power station Unit 10,国家电投辽宁清河发电厂,,cogen_conventional_steam_coal,392,4,0,0,0,1,0,0,0,0,0,0,0,0,0,0,600,1,600,0,1.78,117,13.7,9.2499,LN_Coal,0.6425,1,1,0.6,0.6,8,8,,,
LN,Qinghe power station Unit 9,国家电投辽宁清河发电厂,,cogen_conventional_steam_coal,393,4,0,0,0,1,0,0,0,0,0,0,0,0,0,0,600,1,600,0,1.78,117,13.7,9.2499,LN_Coal,0.6425,1,1,0.6,0.6,8,8,,,
LN,Shenhai New power station Unit 1,华润沈海热电厂等容量替换异地扩建项目,沈阳华润热电有限公司异地扩建2x350MW热电联产项目,cogen_conventional_steam_coal,394,4,0,0,0,1,0,0,0,0,0,0,0,0,0,0,350,1,350,0,1.78,117,13.7,9.5722,LN_Coal,0.6425,1,1,0.6,0.6,8,8,,,
LN,Shenhai New power station Unit 2,华润沈海热电厂等容量替换异地扩建项目,沈阳华润热电有限公司异地扩建2x350MW热电联产项目,cogen_conventional_steam_coal,395,4,0,0,0,1,0,0,0,0,0,0,0,0,0,0,350,1,350,0,1.78,117,13.7,9.5722,LN_Coal,0.6425,1,1,0.6,0.6,8,8,,,
LN,Shenhai power station Unit 1,华润沈海热电厂,,cogen_conventional_steam_coal,396,4,0,0,0,1,0,0,0,0,0,0,0,0,0,0,200,1,200,0,1.78,117,13.7,12.6179,LN_Coal,0.6425,1,1,0.6,0.6,8,8,,,
LN,Shenhai power station Unit 2,华润沈海热电厂,,cogen_conventional_steam_coal,397,4,0,0,0,1,0,0,0,0,0,0,0,0,0,0,200,1,200,0,1.78,117,13.7,12.6179,LN_Coal,0.6425,1,1,0.6,0.6,8,8,,,
LN,Shenhai power station Unit 3,华润沈海热电厂,,cogen_conventional_steam_coal,398,4,0,0,0,1,0,0,0,0,0,0,0,0,0,0,200,1,200,0,1.78,117,13.7,12.6179,LN_Coal,0.6425,1,1,0.6,0.6,8,8,,,
LN,Shenxi power station Phase II Unit 1,国电沈西热电厂,,cogen_conventional_steam_coal,399,4,0,0,0,1,0,0,0,0,0,0,0,0,0,0,350,1,350,0,1.78,117,13.7,9.5722,LN_Coal,0.6425,1,1,0.6,0.6,8,8,,,
LN,Shenxi power station Phase II Unit 2,国电沈西热电厂,,cogen_conventional_steam_coal,400,4,0,0,0,1,0,0,0,0,0,0,0,0,0,0,350,1,350,0,1.78,117,13.7,9.5722,LN_Coal,0.6425,1,1,0.6,0.6,8,8,,,
LN,Shenxi power station Phase I Unit 1,国电沈西热电厂,,cogen_conventional_steam_coal,401,4,0,0,0,1,0,0,0,0,0,0,0,0,0,0,330,1,330,0,1.78,117,13.7,10.4424,LN_Coal,0.6425,1,1,0.6,0.6,8,8,,,
LN,Shenxi power station Phase I Unit 2,国电沈西热电厂,,cogen_conventional_steam_coal,402,4,0,0,0,1,0,0,0,0,0,0,0,0,0,0,330,1,330,0,1.78,117,13.7,10.4424,LN_Coal,0.6425,1,1,0.6,0.6,8,8,,,
LN,Shenyang CHP power station Phase III Unit 5,国电沈阳热电厂,,cogen_conventional_steam_coal,403,4,0,0,0,1,0,0,0,0,0,0,0,0,0,0,50,1,50,0,1.78,117,13.7,12.1828,LN_Coal,0.6425,1,1,0.6,0.6,8,8,,,
LN,Suizhong power station Phase II Unit 3,神华国华绥中发电公司,,cogen_conventional_steam_coal,404,4,0,0,0,1,0,0,0,0,0,0,0,0,0,0,1000,1,1000,0,1.78,117,13.7,9.0992,LN_Coal,0.6425,1,1,0.6,0.6,8,8,,,
LN,Suizhong power station Phase II Unit 4,神华国华绥中发电公司,,cogen_conventional_steam_coal,405,4,0,0,0,1,0,0,0,0,0,0,0,0,0,0,1000,1,1000,0,1.78,117,13.7,9.0992,LN_Coal,0.6425,1,1,0.6,0.6,8,8,,,
LN,Suizhong power station Phase I Unit 1,神华国华绥中发电公司,,cogen_conventional_steam_coal,406,4,0,0,0,1,0,0,0,0,0,0,0,0,0,0,880,1,880,0,1.78,117,13.7,10.0908,LN_Coal,0.6425,1,1,0.6,0.6,8,8,,,=
LN,Suizhong power station Phase I Unit 2,神华国华绥中发电公司,,cogen_conventional_steam_coal,407,4,0,0,0,1,0,0,0,0,0,0,0,0,0,0,880,1,880,0,1.78,117,13.7,10.0908,LN_Coal,0.6425,1,1,0.6,0.6,8,8,,,
LN,Sujiatun Jinshan power station Unit 1,华电沈阳苏家屯金山热电,,cogen_conventional_steam_coal,408,4,0,0,0,1,0,0,0,0,0,0,0,0,0,0,220,1,220,0,1.78,117,13.7,11.3126,LN_Coal,0.6425,1,1,0.6,0.6,8,8,,,
LN,Sujiatun Jinshan power station Unit 2,华电沈阳苏家屯金山热电,,cogen_conventional_steam_coal,409,4,0,0,0,1,0,0,0,0,0,0,0,0,0,0,220,1,220,0,1.78,117,13.7,11.3126,LN_Coal,0.6425,1,1,0.6,0.6,8,8,,,
LN,Tieling power station Unit 1,华电铁岭发电厂,,cogen_conventional_steam_coal,410,4,0,0,0,1,0,0,0,0,0,0,0,0,0,0,300,1,300,0,1.78,117,13.7,11.7477,LN_Coal,0.6425,1,1,0.6,0.6,8,8,,,
LN,Tieling power station Unit 2,华电铁岭发电厂,,cogen_conventional_steam_coal,411,4,0,0,0,1,0,0,0,0,0,0,0,0,0,0,300,1,300,0,1.78,117,13.7,11.7477,LN_Coal,0.6425,1,1,0.6,0.6,8,8,,,
LN,Tieling power station Unit 3,华电铁岭发电厂,,cogen_conventional_steam_coal,412,4,0,0,0,1,0,0,0,0,0,0,0,0,0,0,300,1,300,0,1.78,117,13.7,11.3126,LN_Coal,0.6425,1,1,0.6,0.6,8,8,,,
LN,Tieling power station Unit 4,华电铁岭发电厂,,cogen_conventional_steam_coal,413,4,0,0,0,1,0,0,0,0,0,0,0,0,0,0,300,1,300,0,1.78,117,13.7,11.3126,LN_Coal,0.6425,1,1,0.6,0.6,8,8,,,
LN,Tieling power station Unit 5,华电铁岭发电厂,,cogen_conventional_steam_coal,414,4,0,0,0,1,0,0,0,0,0,0,0,0,0,0,600,1,600,0,1.78,117,13.7,9.0992,LN_Coal,0.6425,1,1,0.6,0.6,8,8,,,
LN,Tieling power station Unit 6,华电铁岭发电厂,,cogen_conventional_steam_coal,415,4,0,0,0,1,0,0,0,0,0,0,0,0,0,0,600,1,600,0,1.78,117,13.7,9.0992,LN_Coal,0.6425,1,1,0.6,0.6,8,8,,,
LN,Yingkou power station Unit 1,华能国际营口电厂,,cogen_conventional_steam_coal,416,4,0,0,0,1,0,0,0,0,0,0,0,0,0,0,320,1,320,0,1.78,117,13.7,10.9317,LN_Coal,0.6425,1,1,0.6,0.6,8,8,,,
LN,Yingkou power station Unit 2,华能国际营口电厂,,cogen_conventional_steam_coal,417,4,0,0,0,1,0,0,0,0,0,0,0,0,0,0,320,1,320,0,1.78,117,13.7,10.9317,LN_Coal,0.6425,1,1,0.6,0.6,8,8,,,
LN,Yingkou power station Unit 3,华能国际营口电厂,,cogen_conventional_steam_coal,418,4,0,0,0,1,0,0,0,0,0,0,0,0,0,0,600,1,600,0,1.78,117,13.7,9.0992,LN_Coal,0.6425,1,1,0.6,0.6,8,8,,,
LN,Yingkou power station Unit 4,华能国际营口电厂,,cogen_conventional_steam_coal,419,4,0,0,0,1,0,0,0,0,0,0,0,0,0,0,600,1,600,0,1.78,117,13.7,9.0992,LN_Coal,0.6425,1,1,0.6,0.6,8,8,,,
LN,Yingkou Xianrendao power station Unit 1,华能国际仙人岛热电,,cogen_conventional_steam_coal,420,4,0,0,0,1,0,0,0,0,0,0,0,0,0,0,50,1,50,0,1.78,117,13.7,10.4424,LN_Coal,0.6425,1,1,0.6,0.6,8,8,,,
LN,Yingkou Xianrendao power station Unit 2,华能国际仙人岛热电,,cogen_conventional_steam_coal,421,4,0,0,0,1,0,0,0,0,0,0,0,0,0,0,50,1,50,0,1.78,117,13.7,10.4424,LN_Coal,0.6425,1,1,0.6,0.6,8,8,,,
LN,Zhuanghe power station Unit 1,国电电力庄河发电厂,,cogen_conventional_steam_coal,422,4,0,0,0,1,0,0,0,0,0,0,0,0,0,0,600,1,600,0,1.78,117,13.7,9.2499,LN_Coal,0.6425,1,1,0.6,0.6,8,8,,,
LN,Zhuanghe power station Unit 2,国电电力庄河发电厂,,cogen_conventional_steam_coal,423,4,0,0,0,1,0,0,0,0,0,0,0,0,0,0,600,1,600,0,1.78,117,13.7,9.2499,LN_Coal,0.6425,1,1,0.6,0.6,8,8,,,
LN,LN_conventional_hydroelectric,,,conventional_hydroelectric,424,4,0,0,0,0,0,0,0,1,0,1,0,0,1,0,1840,1,1840,1840,0,0,0,0,None,0,1,1,1,1,0,0,,,
LN,LN_hydroelectric_pumped_storage,,,hydroelectric_pumped_storage,425,4,1,0,0,0,0,0,0,0,0,0,0,0,0,0,8000,1,6800,54400,0,0,0,0,None,0,0.8,0.8,1,1,0,0,,,
LN,LN_GAS_1,,,natural_gas_fired_combined_cycle,426,4,0,0,0,0,0,0,1,0,0,0,0,0,0,0,150,1,150,0,3.75,87,2,7.6,LN_Gas,0.2,1,1,1,1,2,2,,,
LN,LN_GAS_2,,,natural_gas_fired_combined_cycle,427,4,0,0,0,0,0,0,1,0,0,0,0,0,0,0,100,1,100,0,3.75,87,2,7.6,LN_Gas,0.2,1,1,1,1,2,2,,,
LN,LN_onshore_wind_turbine,,,onshore_wind_turbine,428,4,0,0,0,0,0,1,0,0,0,0,0,1,1,0,43595,1,43595,0,0,0,0,0,None,0,1,1,1,1,0,0,,,
LN,LN_solar_photovoltaic,,,solar_photovoltaic,429,4,0,1,0,0,0,0,0,0,0,0,0,1,1,0,15455,1,15455,0,0,0,0,0,None,0,1,1,1,1,0,0,,,
LN,LN_batteries,,,batteries,430,4,1,0,0,0,0,0,0,0,0,0,0,0,0,0,3500,1,3500,14000,0,0,0,0,None,0,0.95,0.95,1,1,0,0,,,
LN,Hongyanhe Nuclear Power Plant Unit 1,,,nuclear,431,4,0,0,0,0,0,0,0,0,0,0,1,0,0,0,1061,1,1061,0,2.32,235,33,10.46,None,0.3,1,1,1,1,24,24,,,
LN,Hongyanhe Nuclear Power Plant Unit 2,,,nuclear,432,4,0,0,0,0,0,0,0,0,0,0,1,0,0,0,1061,1,1061,0,2.32,235,33,10.46,None,0.3,1,1,1,1,24,24,,,
LN,Hongyanhe Nuclear Power Plant Unit 3,,,nuclear,433,4,0,0,0,0,0,0,0,0,0,0,1,0,0,0,1061,1,1061,0,2.32,235,33,10.46,None,0.3,1,1,1,1,24,24,,,
LN,Hongyanhe Nuclear Power Plant Unit 4,,,nuclear,434,4,0,0,0,0,0,0,0,0,0,0,1,0,0,0,1061,1,1061,0,2.32,235,33,10.46,None,0.3,1,1,1,1,24,24,,,
LN,Hongyanhe Nuclear Power Plant Unit 5,,,nuclear,435,4,0,0,0,0,0,0,0,0,0,0,1,0,0,0,1061,1,1061,0,2.32,235,33,10.46,None,0.3,1,1,1,1,24,24,,,
LN,Xudapu Nuclear Power Plant Unit 1,,,nuclear,436,4,0,0,0,0,0,0,0,0,0,0,1,0,0,0,1290,1,1290,0,2.32,235,33,10.46,None,0.3,1,1,1,1,24,24,,,
LN,Xudapu Nuclear Power Plant Unit 2,,,nuclear,437,4,0,0,0,0,0,0,0,0,0,0,1,0,0,0,1290,1,1290,0,2.32,235,33,10.46,None,0.3,1,1,1,1,24,24,,,
LN,Xudapu Nuclear Power Plant Unit 3,,,nuclear,438,4,0,0,0,0,0,0,0,0,0,0,1,0,0,0,1270,1,1270,0,2.32,235,33,10.46,None,0.3,1,1,1,1,24,24,,,
LN,Xudapu Nuclear Power Plant Unit 4,,,nuclear,439,4,0,0,0,0,0,0,0,0,0,0,1,0,0,0,1270,1,1270,0,2.32,235,33,10.46,None,0.3,1,1,1,1,24,24,,,
SD,SD_conventional_steam_coal,,,conventional_steam_coal,440,5,0,0,0,1,0,0,0,0,0,0,0,0,0,0,0,0,0,0,1.78,117,13.7,10.40851409,SD_Coal,0.3875,1,1,0.6,0.6,8,8,,,
JB,JB_conventional_steam_coal,,,conventional_steam_coal,441,6,0,0,0,1,0,0,0,0,0,0,0,0,0,0,0,0,0,0,1.78,117,13.7,10.40851409,JB_Coal,0.3875,1,1,0.6,0.6,8,8,,,